timestamp,site,rig,pump_serial,rpm,vibration_mm_s,bearing_temp_c,discharge_bar,trip
2026-01-05T06:00,Halden,HR-1,MW300-4100,900,2.61,51.2,3.52,
2026-01-05T07:50,Halden,HR-2,MW300-4100,900,3.51,50.9,3.5,
2026-01-05T09:40,Halden,HR-3,MW300-4100,1800,4.25,56.3,4.58,
2026-01-05T11:30,Halden,HR-1,MW300-4100,2100,4.01,55.5,4.4,
2026-01-05T13:20,Halden,HR-2,MW300-4100,900,2.82,50.4,3.55,
2026-01-05T15:10,Halden,HR-3,MW300-4100,1500,3.04,52.0,4.45,
2026-01-05T17:00,Halden,HR-1,MW300-4100,1800,4.6,56.1,4.06,
2026-01-05T18:50,Halden,HR-2,MW300-4100,2100,4.16,57.2,4.45,
2026-01-05T20:40,Halden,HR-3,MW300-4100,2100,3.79,60.6,4.63,
2026-01-05T22:30,Halden,HR-1,MW300-4100,900,2.74,49.0,3.4,
2026-01-06T00:20,Halden,HR-2,MW300-4100,900,2.78,50.3,3.69,
2026-01-06T02:10,Halden,HR-3,MW300-4100,1800,3.64,56.1,4.68,
2026-01-06T04:00,Halden,HR-1,MW300-4101,1800,3.82,57.8,4.46,
2026-01-06T05:50,Halden,HR-2,MW300-4101,900,3.64,48.6,3.54,
2026-01-06T07:40,Halden,HR-3,MW300-4101,2100,3.99,56.4,5.04,
2026-01-06T09:30,Halden,HR-1,MW300-4101,900,3.1,48.2,3.38,
2026-01-06T11:20,Halden,HR-2,MW300-4101,2100,3.7,57.9,5.13,
2026-01-06T13:10,Halden,HR-3,MW300-4101,2100,4.42,60.3,4.65,
2026-01-06T15:00,Halden,HR-1,MW300-4101,1500,2.71,51.4,4.37,
2026-01-06T16:50,Halden,HR-2,MW300-4101,2100,4.78,57.7,4.49,
2026-01-06T18:40,Halden,HR-3,MW300-4101,1800,3.82,58.0,4.65,
2026-01-06T20:30,Halden,HR-1,MW300-4101,900,3.43,47.4,3.73,
2026-01-06T22:20,Halden,HR-2,MW300-4101,900,2.8,49.8,3.77,
2026-01-07T00:10,Halden,HR-3,MW300-4101,1500,3.42,56.3,4.44,
2026-01-07T02:00,Halden,HR-1,MW300-4102,1800,4.5,56.9,4.72,
2026-01-07T03:50,Halden,HR-2,MW300-4102,1200,3.6,50.5,3.69,
2026-01-07T05:40,Halden,HR-3,MW300-4102,900,2.25,48.2,3.44,
2026-01-07T07:30,Halden,HR-1,MW300-4102,900,3.08,46.7,3.1,
2026-01-07T09:20,Halden,HR-2,MW300-4102,900,3.3,51.2,3.53,
2026-01-07T11:10,Halden,HR-3,MW300-4102,1500,2.95,52.4,4.13,
2026-01-07T13:00,Halden,HR-1,MW300-4102,1800,4.1,58.6,4.44,
2026-01-07T14:50,Halden,HR-2,MW300-4102,1200,3.93,53.3,3.74,
2026-01-07T16:40,Halden,HR-3,MW300-4102,900,2.77,46.5,3.11,
2026-01-07T18:30,Halden,HR-1,MW300-4102,2100,3.79,58.0,4.98,
2026-01-07T20:20,Halden,HR-2,MW300-4102,1200,3.0,53.8,3.64,
2026-01-07T22:10,Halden,HR-3,MW300-4102,900,2.18,47.6,3.28,
2026-01-08T00:00,Halden,HR-1,MW300-4103,900,2.14,48.4,3.55,
2026-01-08T01:50,Halden,HR-2,MW300-4103,1800,3.52,53.7,4.76,
2026-01-08T03:40,Halden,HR-3,MW300-4103,1200,2.65,51.1,3.68,
2026-01-08T05:30,Halden,HR-1,MW300-4103,1500,3.43,51.9,4.24,
2026-01-08T07:20,Halden,HR-2,MW300-4103,900,2.41,51.0,3.04,
2026-01-08T09:10,Halden,HR-3,MW300-4103,2100,4.79,55.8,5.03,
2026-01-08T11:00,Halden,HR-1,MW300-4103,1800,4.14,58.3,4.1,
2026-01-08T12:50,Halden,HR-2,MW300-4103,2100,4.73,56.3,4.86,
2026-01-08T14:40,Halden,HR-3,MW300-4103,1500,3.38,53.0,3.73,
2026-01-08T16:30,Halden,HR-1,MW300-4103,1500,2.98,53.3,4.47,
2026-01-08T18:20,Halden,HR-2,MW300-4103,1500,3.45,52.5,4.05,
2026-01-08T20:10,Halden,HR-3,MW300-4103,2100,4.57,60.4,5.01,
2026-01-08T22:00,Halden,HR-1,MW300-4104,900,3.51,49.4,3.33,
2026-01-08T23:50,Halden,HR-2,MW300-4104,1200,3.94,50.1,3.46,
2026-01-09T01:40,Halden,HR-3,MW300-4104,2100,4.4,60.3,4.51,
2026-01-09T03:30,Halden,HR-1,MW300-4104,1500,3.59,53.9,3.84,
2026-01-09T05:20,Halden,HR-2,MW300-4104,1500,3.77,51.3,4.29,
2026-01-09T07:10,Halden,HR-3,MW300-4104,1800,3.27,57.1,4.61,
2026-01-09T09:00,Halden,HR-1,MW300-4104,1200,3.43,48.6,3.58,
2026-01-09T10:50,Halden,HR-2,MW300-4104,2100,4.64,57.2,4.59,
2026-01-09T12:40,Halden,HR-3,MW300-4104,900,2.12,50.7,3.72,
2026-01-09T14:30,Halden,HR-1,MW300-4104,1500,3.36,50.6,3.74,guard
2026-01-09T16:20,Halden,HR-2,MW300-4104,900,2.25,48.9,3.79,
2026-01-09T18:10,Halden,HR-3,MW300-4104,1500,3.2,53.2,4.17,
2026-01-09T20:00,Halden,HR-1,MW300-4105,900,3.58,47.4,3.17,
2026-01-09T21:50,Halden,HR-2,MW300-4105,1800,3.68,57.1,4.1,
2026-01-09T23:40,Halden,HR-3,MW300-4105,2100,4.39,61.0,4.64,
2026-01-10T01:30,Halden,HR-1,MW300-4105,1500,2.79,54.8,4.37,
2026-01-10T03:20,Halden,HR-2,MW300-4105,1500,3.16,56.2,4.31,
2026-01-10T05:10,Halden,HR-3,MW300-4105,1800,3.51,58.4,4.43,
2026-01-10T07:00,Halden,HR-1,MW300-4105,2100,3.39,61.5,4.46,
2026-01-10T08:50,Halden,HR-2,MW300-4105,900,2.3,47.6,3.52,
2026-01-10T10:40,Halden,HR-3,MW300-4105,1500,2.75,54.0,3.95,
2026-01-10T12:30,Halden,HR-1,MW300-4105,1200,3.64,52.0,3.95,
2026-01-10T14:20,Halden,HR-2,MW300-4105,1200,3.27,52.0,4.08,
2026-01-10T16:10,Halden,HR-3,MW300-4105,2100,3.93,57.0,4.45,guard
2026-01-10T18:00,Halden,HR-1,MW300-4106,1500,3.57,53.0,4.43,
2026-01-10T19:50,Halden,HR-2,MW300-4106,2100,3.44,56.6,4.36,
2026-01-10T21:40,Halden,HR-3,MW300-4106,2100,4.61,57.5,4.75,
2026-01-10T23:30,Halden,HR-1,MW300-4106,900,3.15,45.6,3.78,
2026-01-11T01:20,Halden,HR-2,MW300-4106,1800,3.09,54.3,4.41,
2026-01-11T03:10,Halden,HR-3,MW300-4106,1800,4.13,55.2,4.63,
2026-01-11T05:00,Halden,HR-1,MW300-4106,1500,3.25,51.7,3.95,
2026-01-11T06:50,Halden,HR-2,MW300-4106,2100,4.6,60.9,4.87,
2026-01-11T08:40,Halden,HR-3,MW300-4106,1200,3.4,48.9,4.05,
2026-01-11T10:30,Halden,HR-1,MW300-4106,1500,4.0,55.5,4.23,
2026-01-11T12:20,Halden,HR-2,MW300-4106,1200,2.53,50.2,3.92,
2026-01-11T14:10,Halden,HR-3,MW300-4106,1200,3.54,48.6,4.06,
2026-01-11T16:00,Halden,HR-1,MW300-4107,2100,3.65,60.6,4.8,
2026-01-11T17:50,Halden,HR-2,MW300-4107,1800,3.61,58.8,4.41,
2026-01-11T19:40,Halden,HR-3,MW300-4107,1200,3.94,48.6,3.45,
2026-01-11T21:30,Halden,HR-1,MW300-4107,1800,3.53,54.6,4.03,
2026-01-11T23:20,Halden,HR-2,MW300-4107,1200,2.66,49.8,3.77,
2026-01-12T01:10,Halden,HR-3,MW300-4107,1500,2.91,52.8,4.45,
2026-01-12T03:00,Halden,HR-1,MW300-4107,2100,4.34,61.1,4.62,
2026-01-12T04:50,Halden,HR-2,MW300-4107,2100,3.57,58.6,4.48,
2026-01-12T06:40,Halden,HR-3,MW300-4107,1200,2.45,48.7,3.87,
2026-01-12T08:30,Halden,HR-1,MW300-4107,900,3.45,45.9,3.24,
2026-01-12T10:20,Halden,HR-2,MW300-4107,2100,3.55,59.2,4.43,
2026-01-12T12:10,Halden,HR-3,MW300-4107,1800,3.17,58.0,4.06,
2026-01-12T14:00,Halden,HR-1,MW300-4108,1500,3.74,52.6,4.39,
2026-01-12T15:50,Halden,HR-2,MW300-4108,2100,3.7,57.7,4.99,
2026-01-12T17:40,Halden,HR-3,MW300-4108,1500,2.83,55.2,3.74,
2026-01-12T19:30,Halden,HR-1,MW300-4108,1500,3.12,54.5,3.8,
2026-01-12T21:20,Halden,HR-2,MW300-4108,2100,3.83,60.9,4.91,
2026-01-12T23:10,Halden,HR-3,MW300-4108,1800,3.5,54.2,4.37,
2026-01-13T01:00,Halden,HR-1,MW300-4108,1500,3.91,52.6,4.33,
2026-01-13T02:50,Halden,HR-2,MW300-4108,1200,2.65,52.5,3.86,
2026-01-13T04:40,Halden,HR-3,MW300-4108,1200,3.09,50.0,3.43,
2026-01-13T06:30,Halden,HR-1,MW300-4108,1500,4.05,53.2,3.78,
2026-01-13T08:20,Halden,HR-2,MW300-4108,1200,2.93,48.9,3.95,
2026-01-13T10:10,Halden,HR-3,MW300-4108,1500,3.17,53.2,3.99,guard
2026-01-13T12:00,Halden,HR-1,MW300-4109,1500,3.78,52.5,4.21,
2026-01-13T13:50,Halden,HR-2,MW300-4109,2100,4.13,58.0,4.85,
2026-01-13T15:40,Halden,HR-3,MW300-4109,1800,4.16,53.1,4.45,
2026-01-13T17:30,Halden,HR-1,MW300-4109,1500,3.63,54.2,4.33,
2026-01-13T19:20,Halden,HR-2,MW300-4109,1800,3.54,53.2,4.18,
2026-01-13T21:10,Halden,HR-3,MW300-4109,1500,3.22,55.2,4.3,
2026-01-13T23:00,Halden,HR-1,MW300-4109,2100,4.31,56.0,4.89,
2026-01-14T00:50,Halden,HR-2,MW300-4109,900,3.67,46.4,3.78,
2026-01-14T02:40,Halden,HR-3,MW300-4109,1800,3.33,57.0,4.56,
2026-01-14T04:30,Halden,HR-1,MW300-4109,1800,4.14,57.1,4.45,
2026-01-14T06:20,Halden,HR-2,MW300-4109,1500,4.2,50.8,4.11,
2026-01-14T08:10,Halden,HR-3,MW300-4109,1200,3.98,53.5,3.86,
2026-01-14T10:00,Halden,HR-1,MW300-4110,1500,3.25,52.4,4.05,
2026-01-14T11:50,Halden,HR-2,MW300-4110,1500,4.04,50.7,4.06,guard
2026-01-14T13:40,Halden,HR-3,MW300-4110,1500,3.11,55.0,3.83,
2026-01-14T15:30,Halden,HR-1,MW300-4110,1800,3.49,56.5,4.65,
2026-01-14T17:20,Halden,HR-2,MW300-4110,2100,4.39,60.1,4.57,
2026-01-14T19:10,Halden,HR-3,MW300-4110,900,3.46,51.3,3.48,
2026-01-14T21:00,Halden,HR-1,MW300-4110,1800,3.51,55.0,4.14,
2026-01-14T22:50,Halden,HR-2,MW300-4110,1200,3.61,53.8,4.1,
2026-01-15T00:40,Halden,HR-3,MW300-4110,2100,4.13,57.8,4.42,
2026-01-15T02:30,Halden,HR-1,MW300-4110,1200,2.45,49.4,3.68,
2026-01-15T04:20,Halden,HR-2,MW300-4110,2100,3.5,56.8,5.02,
2026-01-15T06:10,Halden,HR-3,MW300-4110,1800,3.22,57.1,4.69,
2026-01-15T08:00,Halden,HR-1,MW300-4111,1800,3.85,57.4,4.15,
2026-01-15T09:50,Halden,HR-2,MW300-4111,1200,3.57,48.8,3.99,
2026-01-15T11:40,Halden,HR-3,MW300-4111,2100,3.4,59.5,4.36,
2026-01-15T13:30,Halden,HR-1,MW300-4111,1200,2.62,53.8,3.89,
2026-01-15T15:20,Halden,HR-2,MW300-4111,1200,3.13,49.1,3.38,
2026-01-15T17:10,Halden,HR-3,MW300-4111,1200,3.49,50.5,3.83,
2026-01-15T19:00,Halden,HR-1,MW300-4111,2100,4.83,57.3,4.74,
2026-01-15T20:50,Halden,HR-2,MW300-4111,900,2.85,50.0,3.12,
2026-01-15T22:40,Halden,HR-3,MW300-4111,1500,2.93,53.5,4.04,
2026-01-16T00:30,Halden,HR-1,MW300-4111,1500,3.64,54.7,4.32,
2026-01-16T02:20,Halden,HR-2,MW300-4111,900,2.36,46.6,3.65,
2026-01-16T04:10,Halden,HR-3,MW300-4111,1800,4.06,54.2,4.67,
2026-01-16T06:00,Halden,HR-1,MW300-4112,1800,3.34,54.0,4.79,
2026-01-16T07:50,Halden,HR-2,MW300-4112,1800,3.74,55.2,4.17,
2026-01-16T09:40,Halden,HR-3,MW300-4112,1800,4.5,56.4,4.39,
2026-01-16T11:30,Halden,HR-1,MW300-4112,1200,3.58,48.7,3.4,
2026-01-16T13:20,Halden,HR-2,MW300-4112,2100,4.4,56.2,4.5,
2026-01-16T15:10,Halden,HR-3,MW300-4112,1800,3.05,58.8,4.52,
2026-01-16T17:00,Halden,HR-1,MW300-4112,1500,3.16,52.7,3.67,
2026-01-16T18:50,Halden,HR-2,MW300-4112,1500,4.04,53.4,3.78,
2026-01-16T20:40,Halden,HR-3,MW300-4112,2100,3.66,57.7,4.64,
2026-01-16T22:30,Halden,HR-1,MW300-4112,900,3.59,49.5,3.26,
2026-01-17T00:20,Halden,HR-2,MW300-4112,1500,4.25,51.0,4.04,
2026-01-17T02:10,Halden,HR-3,MW300-4112,2100,4.61,61.2,4.98,
2026-01-17T04:00,Halden,HR-1,MW300-4113,900,3.04,45.9,3.74,
2026-01-17T05:50,Halden,HR-2,MW300-4113,2100,3.47,60.3,4.97,
2026-01-17T07:40,Halden,HR-3,MW300-4113,2100,4.07,55.6,5.05,
2026-01-17T09:30,Halden,HR-1,MW300-4113,900,2.73,46.5,3.69,
2026-01-17T11:20,Halden,HR-2,MW300-4113,900,3.65,50.0,3.06,
2026-01-17T13:10,Halden,HR-3,MW300-4113,2100,4.13,59.9,5.02,
2026-01-17T15:00,Halden,HR-1,MW300-4113,1200,2.89,50.8,3.59,
2026-01-17T16:50,Halden,HR-2,MW300-4113,1800,4.1,55.4,4.41,
2026-01-17T18:40,Halden,HR-3,MW300-4113,1800,3.07,54.5,4.15,
2026-01-17T20:30,Halden,HR-1,MW300-4113,900,3.04,49.0,3.39,
2026-01-17T22:20,Halden,HR-2,MW300-4113,900,2.9,46.8,3.58,
2026-01-18T00:10,Halden,HR-3,MW300-4113,2100,4.04,56.3,4.53,
2026-01-18T02:00,Halden,HR-1,MW300-4114,1500,3.93,55.7,4.13,
2026-01-18T03:50,Halden,HR-2,MW300-4114,2100,3.57,58.7,4.78,
2026-01-18T05:40,Halden,HR-3,MW300-4114,2100,3.42,56.5,4.66,
2026-01-18T07:30,Halden,HR-1,MW300-4114,900,3.39,48.0,3.78,
2026-01-18T09:20,Halden,HR-2,MW300-4114,1200,2.71,49.6,3.97,
2026-01-18T11:10,Halden,HR-3,MW300-4114,2100,3.73,57.7,4.54,
2026-01-18T13:00,Halden,HR-1,MW300-4114,900,2.45,50.6,3.64,
2026-01-18T14:50,Halden,HR-2,MW300-4114,2100,3.49,58.2,4.87,
2026-01-18T16:40,Halden,HR-3,MW300-4114,1800,4.35,56.1,4.75,
2026-01-18T18:30,Halden,HR-1,MW300-4114,1200,3.44,53.8,3.37,
2026-01-18T20:20,Halden,HR-2,MW300-4114,900,2.37,45.9,3.16,
2026-01-18T22:10,Halden,HR-3,MW300-4114,1500,3.69,50.8,4.41,
2026-01-19T00:00,Halden,HR-1,MW300-4115,2100,3.57,59.3,4.8,
2026-01-19T01:50,Halden,HR-2,MW300-4115,900,2.97,46.9,3.31,
2026-01-19T03:40,Halden,HR-3,MW300-4115,900,2.49,45.6,3.31,
2026-01-19T05:30,Halden,HR-1,MW300-4115,900,2.81,49.2,3.14,
2026-01-19T07:20,Halden,HR-2,MW300-4115,1200,3.29,51.0,3.6,
2026-01-19T09:10,Halden,HR-3,MW300-4115,1500,4.27,54.4,4.04,guard
2026-01-19T11:00,Halden,HR-1,MW300-4115,900,3.3,46.3,3.75,
2026-01-19T12:50,Halden,HR-2,MW300-4115,2100,4.55,60.4,4.71,
2026-01-19T14:40,Halden,HR-3,MW300-4115,1500,2.98,53.8,3.78,
2026-01-19T16:30,Halden,HR-1,MW300-4115,900,3.65,48.5,3.33,
2026-01-19T18:20,Halden,HR-2,MW300-4115,2100,3.84,61.2,4.4,
2026-01-19T20:10,Halden,HR-3,MW300-4115,900,3.14,46.9,3.3,
2026-01-19T22:00,Halden,HR-1,MW300-4116,1200,3.91,51.6,3.79,
2026-01-19T23:50,Halden,HR-2,MW300-4116,2100,3.59,60.0,4.34,guard
2026-01-20T01:40,Halden,HR-3,MW300-4116,1200,3.54,51.5,3.53,
2026-01-20T03:30,Halden,HR-1,MW300-4116,1800,4.2,54.0,4.76,
2026-01-20T05:20,Halden,HR-2,MW300-4116,1800,3.18,53.8,4.49,
2026-01-20T07:10,Halden,HR-3,MW300-4116,1800,4.5,53.1,4.49,
2026-01-20T09:00,Halden,HR-1,MW300-4116,1800,4.01,53.0,4.47,
2026-01-20T10:50,Halden,HR-2,MW300-4116,1500,3.41,50.9,3.97,
2026-01-20T12:40,Halden,HR-3,MW300-4116,1800,4.16,58.0,4.2,
2026-01-20T14:30,Halden,HR-1,MW300-4116,1800,3.75,58.2,4.65,
2026-01-20T16:20,Halden,HR-2,MW300-4116,2100,3.35,56.8,4.89,
2026-01-20T18:10,Halden,HR-3,MW300-4116,1800,3.36,57.2,4.26,
2026-01-20T20:00,Halden,HR-1,MW300-4117,1200,3.02,51.6,3.85,
2026-01-20T21:50,Halden,HR-2,MW300-4117,1800,3.33,56.3,4.73,
2026-01-20T23:40,Halden,HR-3,MW300-4117,1800,4.11,55.1,4.74,
2026-01-21T01:30,Halden,HR-1,MW300-4117,2100,3.78,59.9,4.99,
2026-01-21T03:20,Halden,HR-2,MW300-4117,1800,4.07,53.8,4.79,
2026-01-21T05:10,Halden,HR-3,MW300-4117,900,3.08,49.9,3.64,
2026-01-21T07:00,Halden,HR-1,MW300-4117,2100,3.84,57.3,4.66,
2026-01-21T08:50,Halden,HR-2,MW300-4117,2100,4.71,61.2,4.74,
2026-01-21T10:40,Halden,HR-3,MW300-4117,2100,4.11,60.5,4.61,
2026-01-21T12:30,Halden,HR-1,MW300-4117,1200,2.42,51.2,3.64,
2026-01-21T14:20,Halden,HR-2,MW300-4117,1500,4.07,55.3,4.11,
2026-01-21T16:10,Halden,HR-3,MW300-4117,900,2.27,46.8,3.39,
2026-01-21T18:00,Halden,HR-1,MW300-4118,1800,3.76,57.9,4.35,
2026-01-21T19:50,Halden,HR-2,MW300-4118,900,2.97,51.4,3.09,
2026-01-21T21:40,Halden,HR-3,MW300-4118,1800,3.2,56.6,4.51,
2026-01-21T23:30,Halden,HR-1,MW300-4118,900,2.77,47.4,3.72,
2026-01-22T01:20,Halden,HR-2,MW300-4118,900,3.52,50.1,3.53,
2026-01-22T03:10,Halden,HR-3,MW300-4118,1800,4.0,53.6,4.08,
2026-01-22T05:00,Halden,HR-1,MW300-4118,2100,4.68,57.5,4.48,
2026-01-22T06:50,Halden,HR-2,MW300-4118,1200,2.64,50.8,4.02,
2026-01-22T08:40,Halden,HR-3,MW300-4118,900,3.57,48.8,3.79,
2026-01-22T10:30,Halden,HR-1,MW300-4118,1200,2.55,52.1,3.67,
2026-01-22T12:20,Halden,HR-2,MW300-4118,900,2.81,45.9,3.38,
2026-01-22T14:10,Halden,HR-3,MW300-4118,900,3.7,47.9,3.34,
2026-01-22T16:00,Halden,HR-1,MW300-4119,900,2.51,48.8,3.2,
2026-01-22T17:50,Halden,HR-2,MW300-4119,900,2.66,46.5,3.69,
2026-01-22T19:40,Halden,HR-3,MW300-4119,2100,4.27,57.3,4.95,
2026-01-22T21:30,Halden,HR-1,MW300-4119,900,3.21,47.7,3.6,
2026-01-22T23:20,Halden,HR-2,MW300-4119,1800,4.4,53.5,4.61,
2026-01-23T01:10,Halden,HR-3,MW300-4119,1800,4.37,58.2,4.25,
2026-01-23T03:00,Halden,HR-1,MW300-4119,2100,4.14,58.7,4.54,
2026-01-23T04:50,Halden,HR-2,MW300-4119,1500,3.54,52.2,4.26,
2026-01-23T06:40,Halden,HR-3,MW300-4119,1200,3.53,52.6,3.81,
2026-01-23T08:30,Halden,HR-1,MW300-4119,1200,2.97,51.1,4.1,
2026-01-23T10:20,Halden,HR-2,MW300-4119,1500,2.88,54.1,3.67,
2026-01-23T12:10,Halden,HR-3,MW300-4119,2100,3.84,57.4,5.07,
2026-01-23T14:00,Halden,HR-1,MW300-4120,1500,3.35,53.0,4.04,
2026-01-23T15:50,Halden,HR-2,MW300-4120,900,3.66,50.7,3.79,
2026-01-23T17:40,Halden,HR-3,MW300-4120,1800,3.93,56.4,4.29,
2026-01-23T19:30,Halden,HR-1,MW300-4120,1800,4.18,57.8,4.63,guard
2026-01-23T21:20,Halden,HR-2,MW300-4120,1800,3.75,56.6,4.69,
2026-01-23T23:10,Halden,HR-3,MW300-4120,2100,4.57,56.2,4.6,
2026-01-24T01:00,Halden,HR-1,MW300-4120,1500,4.16,56.2,3.87,
2026-01-24T02:50,Halden,HR-2,MW300-4120,900,2.22,46.6,3.57,
2026-01-24T04:40,Halden,HR-3,MW300-4120,2100,4.16,56.1,4.82,
2026-01-24T06:30,Halden,HR-1,MW300-4120,2100,3.39,56.3,5.03,
2026-01-24T08:20,Halden,HR-2,MW300-4120,900,3.55,50.3,3.06,
2026-01-24T10:10,Halden,HR-3,MW300-4120,2100,4.7,59.8,4.36,
2026-01-24T12:00,Halden,HR-1,MW300-4121,2100,4.48,60.0,5.02,
2026-01-24T13:50,Halden,HR-2,MW300-4121,1500,3.59,55.5,4.02,
2026-01-24T15:40,Halden,HR-3,MW300-4121,1800,3.5,54.6,4.74,
2026-01-24T17:30,Halden,HR-1,MW300-4121,2100,3.94,55.8,4.7,
2026-01-24T19:20,Halden,HR-2,MW300-4121,1800,3.71,56.8,4.63,
2026-01-24T21:10,Halden,HR-3,MW300-4121,900,3.37,48.1,3.22,
2026-01-24T23:00,Halden,HR-1,MW300-4121,1800,3.84,53.9,4.26,
2026-01-25T00:50,Halden,HR-2,MW300-4121,1500,2.75,51.1,4.04,
2026-01-25T02:40,Halden,HR-3,MW300-4121,1800,4.55,58.1,4.01,
2026-01-25T04:30,Halden,HR-1,MW300-4121,900,2.54,46.8,3.27,
2026-01-25T06:20,Halden,HR-2,MW300-4121,900,2.59,48.9,3.66,
2026-01-25T08:10,Halden,HR-3,MW300-4121,900,3.2,48.3,3.28,
2026-01-25T10:00,Halden,HR-1,MW300-4122,1200,2.67,49.2,3.53,
2026-01-25T11:50,Halden,HR-2,MW300-4122,900,2.72,49.0,3.38,
2026-01-25T13:40,Halden,HR-3,MW300-4122,1200,2.7,49.1,3.62,
2026-01-25T15:30,Halden,HR-1,MW300-4122,900,3.56,49.1,3.5,
2026-01-25T17:20,Halden,HR-2,MW300-4122,1500,3.98,55.3,3.71,
2026-01-25T19:10,Halden,HR-3,MW300-4122,1200,3.55,50.8,4.07,
2026-01-25T21:00,Halden,HR-1,MW300-4122,1500,2.94,53.2,4.38,
2026-01-25T22:50,Halden,HR-2,MW300-4122,900,2.43,46.2,3.77,
2026-01-26T00:40,Halden,HR-3,MW300-4122,1800,3.11,54.9,4.24,
2026-01-26T02:30,Halden,HR-1,MW300-4122,900,3.58,47.2,3.35,
2026-01-26T04:20,Halden,HR-2,MW300-4122,1200,3.45,53.6,3.34,
2026-01-26T06:10,Halden,HR-3,MW300-4122,1500,3.02,54.3,3.92,
2026-01-26T08:00,Halden,HR-1,MW300-4123,2100,4.64,59.6,4.77,
2026-01-26T09:50,Halden,HR-2,MW300-4123,900,2.67,49.6,3.57,
2026-01-26T11:40,Halden,HR-3,MW300-4123,1800,4.1,53.4,4.52,
2026-01-26T13:30,Halden,HR-1,MW300-4123,1200,3.27,49.5,3.84,
2026-01-26T15:20,Halden,HR-2,MW300-4123,1500,3.98,53.7,4.28,
2026-01-26T17:10,Halden,HR-3,MW300-4123,900,2.79,51.1,3.04,
2026-01-26T19:00,Halden,HR-1,MW300-4123,2100,3.36,56.4,4.86,
2026-01-26T20:50,Halden,HR-2,MW300-4123,1500,4.23,52.1,3.86,
2026-01-26T22:40,Halden,HR-3,MW300-4123,1200,2.85,49.3,4.1,
2026-01-27T00:30,Halden,HR-1,MW300-4123,900,2.29,49.9,3.42,
2026-01-27T02:20,Halden,HR-2,MW300-4123,1500,2.98,55.9,4.42,
2026-01-27T04:10,Halden,HR-3,MW300-4123,1200,3.52,49.8,3.58,
2026-01-27T06:00,Halden,HR-1,MW300-4124,1800,3.46,57.9,4.44,
2026-01-27T07:50,Halden,HR-2,MW300-4124,1800,3.6,55.2,4.17,
2026-01-27T09:40,Halden,HR-3,MW300-4124,2100,4.22,59.7,4.73,
2026-01-27T11:30,Halden,HR-1,MW300-4124,1200,3.57,52.8,4.02,
2026-01-27T13:20,Halden,HR-2,MW300-4124,1500,3.58,55.6,4.26,
2026-01-27T15:10,Halden,HR-3,MW300-4124,1800,3.28,57.3,4.18,
2026-01-27T17:00,Halden,HR-1,MW300-4124,1800,3.75,55.7,4.76,
2026-01-27T18:50,Halden,HR-2,MW300-4124,1500,3.81,54.3,3.89,
2026-01-27T20:40,Halden,HR-3,MW300-4124,1800,3.54,57.9,4.61,
2026-01-27T22:30,Halden,HR-1,MW300-4124,2100,3.99,57.4,4.41,
2026-01-28T00:20,Halden,HR-2,MW300-4124,1500,2.89,50.8,4.36,
2026-01-28T02:10,Halden,HR-3,MW300-4124,1500,4.0,56.0,4.43,
2026-01-28T04:00,Halden,HR-1,MW300-4125,1500,2.72,52.2,3.8,
2026-01-28T05:50,Halden,HR-2,MW300-4125,1800,3.45,58.9,4.6,
2026-01-28T07:40,Halden,HR-3,MW300-4125,900,3.33,46.3,3.64,
2026-01-28T09:30,Halden,HR-1,MW300-4125,1800,3.01,55.3,4.07,
2026-01-28T11:20,Halden,HR-2,MW300-4125,2100,4.4,59.9,4.33,
2026-01-28T13:10,Halden,HR-3,MW300-4125,900,3.67,45.8,3.25,
2026-01-28T15:00,Halden,HR-1,MW300-4125,1200,2.43,50.9,3.95,
2026-01-28T16:50,Halden,HR-2,MW300-4125,2100,4.81,58.2,4.37,
2026-01-28T18:40,Halden,HR-3,MW300-4125,2100,3.55,56.7,4.51,
2026-01-28T20:30,Halden,HR-1,MW300-4125,900,2.42,47.4,3.79,
2026-01-28T22:20,Halden,HR-2,MW300-4125,1800,3.72,56.2,4.62,
2026-01-29T00:10,Halden,HR-3,MW300-4125,1800,4.37,58.4,4.24,
2026-01-29T02:00,Halden,HR-1,MW300-4126,900,2.23,46.6,3.2,
2026-01-29T03:50,Halden,HR-2,MW300-4126,1200,3.92,48.3,3.58,
2026-01-29T05:40,Halden,HR-3,MW300-4126,1200,2.41,48.0,3.47,
2026-01-29T07:30,Halden,HR-1,MW300-4126,1200,3.61,53.8,4.03,
2026-01-29T09:20,Halden,HR-2,MW300-4126,1800,3.16,58.5,4.14,
2026-01-29T11:10,Halden,HR-3,MW300-4126,900,2.23,51.5,3.33,
2026-01-29T13:00,Halden,HR-1,MW300-4126,900,2.92,46.1,3.12,
2026-01-29T14:50,Halden,HR-2,MW300-4126,2100,4.68,58.2,4.35,
2026-01-29T16:40,Halden,HR-3,MW300-4126,1800,3.97,54.0,4.57,
2026-01-29T18:30,Halden,HR-1,MW300-4126,2100,4.66,55.9,5.04,
2026-01-29T20:20,Halden,HR-2,MW300-4126,1800,3.1,53.8,4.39,
2026-01-29T22:10,Halden,HR-3,MW300-4126,2100,3.97,57.7,5.03,
2026-01-30T00:00,Halden,HR-1,MW300-4127,2100,4.68,59.1,4.42,
2026-01-30T01:50,Halden,HR-2,MW300-4127,1800,4.48,57.0,4.38,
2026-01-30T03:40,Halden,HR-3,MW300-4127,1500,3.57,52.4,4.01,
2026-01-30T05:30,Halden,HR-1,MW300-4127,1200,3.71,48.6,3.73,
2026-01-30T07:20,Halden,HR-2,MW300-4127,2100,3.53,60.9,4.59,
2026-01-30T09:10,Halden,HR-3,MW300-4127,1500,3.58,51.0,3.88,
2026-01-30T11:00,Halden,HR-1,MW300-4127,1200,3.0,49.3,4.12,
2026-01-30T12:50,Halden,HR-2,MW300-4127,1800,3.63,53.9,4.65,
2026-01-30T14:40,Halden,HR-3,MW300-4127,2100,4.57,56.5,4.76,
2026-01-30T16:30,Halden,HR-1,MW300-4127,1200,3.53,49.9,3.84,
2026-01-30T18:20,Halden,HR-2,MW300-4127,900,3.3,46.3,3.13,
2026-01-30T20:10,Halden,HR-3,MW300-4127,1200,3.91,52.2,3.35,
2026-01-30T22:00,Halden,HR-1,MW300-4128,2100,4.31,57.7,4.64,
2026-01-30T23:50,Halden,HR-2,MW300-4128,900,2.97,48.6,3.54,
2026-01-31T01:40,Halden,HR-3,MW300-4128,1800,3.02,53.7,4.1,
2026-01-31T03:30,Halden,HR-1,MW300-4128,900,3.41,46.9,3.6,
2026-01-31T05:20,Halden,HR-2,MW300-4128,1200,2.95,49.1,3.81,
2026-01-31T07:10,Halden,HR-3,MW300-4128,1800,4.17,54.2,4.52,
2026-01-31T09:00,Halden,HR-1,MW300-4128,1200,3.86,50.4,3.36,
2026-01-31T10:50,Halden,HR-2,MW300-4128,2100,3.51,59.6,4.8,
2026-01-31T12:40,Halden,HR-3,MW300-4128,1200,2.55,51.2,3.61,
2026-01-31T14:30,Halden,HR-1,MW300-4128,900,2.83,45.6,3.1,
2026-01-31T16:20,Halden,HR-2,MW300-4128,2100,3.95,60.1,4.8,
2026-01-31T18:10,Halden,HR-3,MW300-4128,1500,3.03,51.8,4.06,
2026-01-31T20:00,Halden,HR-1,MW300-4129,1500,4.08,50.7,3.83,
2026-01-31T21:50,Halden,HR-2,MW300-4129,1500,2.89,54.9,4.45,
2026-01-31T23:40,Halden,HR-3,MW300-4129,1200,3.8,52.3,4.11,
2026-02-01T01:30,Halden,HR-1,MW300-4129,1800,3.12,56.9,4.14,
2026-02-01T03:20,Halden,HR-2,MW300-4129,1500,3.06,54.3,3.72,
2026-02-01T05:10,Halden,HR-3,MW300-4129,1500,2.76,55.7,4.19,
2026-02-01T07:00,Halden,HR-1,MW300-4129,900,3.34,47.4,3.17,
2026-02-01T08:50,Halden,HR-2,MW300-4129,1800,3.12,54.2,4.5,guard
2026-02-01T10:40,Halden,HR-3,MW300-4129,1200,2.96,48.9,3.62,
2026-02-01T12:30,Halden,HR-1,MW300-4129,1200,2.4,53.9,3.43,
2026-02-01T14:20,Halden,HR-2,MW300-4129,1500,3.55,51.3,4.19,
2026-02-01T16:10,Halden,HR-3,MW300-4129,2100,4.88,57.2,4.79,
2026-02-01T18:00,Halden,HR-1,MW300-4130,1200,3.7,53.9,3.66,
2026-02-01T19:50,Halden,HR-2,MW300-4130,900,3.42,47.7,3.11,
2026-02-01T21:40,Halden,HR-3,MW300-4130,900,3.55,46.3,3.14,
2026-02-01T23:30,Halden,HR-1,MW300-4130,1200,3.52,52.8,4.04,
2026-02-02T01:20,Halden,HR-2,MW300-4130,1800,3.33,57.8,4.75,
2026-02-02T03:10,Halden,HR-3,MW300-4130,1800,3.63,54.7,4.01,
2026-02-02T05:00,Halden,HR-1,MW300-4130,1200,2.86,50.3,3.88,
2026-02-02T06:50,Halden,HR-2,MW300-4130,1500,3.79,52.0,4.27,
2026-02-02T08:40,Halden,HR-3,MW300-4130,900,3.12,46.4,3.65,
2026-02-02T10:30,Halden,HR-1,MW300-4130,1800,3.5,57.4,4.36,
2026-02-02T12:20,Halden,HR-2,MW300-4130,1500,4.03,56.0,4.04,
2026-02-02T14:10,Halden,HR-3,MW300-4130,1200,3.03,48.3,3.62,
2026-02-02T16:00,Halden,HR-1,MW300-4131,900,2.56,47.9,3.76,
2026-02-02T17:50,Halden,HR-2,MW300-4131,900,3.01,45.8,3.34,
2026-02-02T19:40,Halden,HR-3,MW300-4131,1200,2.77,51.1,4.07,
2026-02-02T21:30,Halden,HR-1,MW300-4131,2100,3.57,58.8,4.72,
2026-02-02T23:20,Halden,HR-2,MW300-4131,2100,4.51,59.1,4.56,
2026-02-03T01:10,Halden,HR-3,MW300-4131,2100,3.79,60.4,5.04,
2026-02-03T03:00,Halden,HR-1,MW300-4131,900,2.6,48.7,3.66,
2026-02-03T04:50,Halden,HR-2,MW300-4131,1200,3.72,50.3,3.88,
2026-02-03T06:40,Halden,HR-3,MW300-4131,900,2.86,47.8,3.47,
2026-02-03T08:30,Halden,HR-1,MW300-4131,1800,3.57,55.5,4.24,
2026-02-03T10:20,Halden,HR-2,MW300-4131,2100,4.14,55.8,5.09,
2026-02-03T12:10,Halden,HR-3,MW300-4131,1800,3.27,54.1,4.46,
2026-02-03T14:00,Halden,HR-1,MW300-4132,1800,3.66,55.0,4.58,
2026-02-03T15:50,Halden,HR-2,MW300-4132,2100,4.1,56.2,4.35,
2026-02-03T17:40,Halden,HR-3,MW300-4132,2100,4.56,57.9,4.35,
2026-02-03T19:30,Halden,HR-1,MW300-4132,2100,4.6,56.5,4.34,
2026-02-03T21:20,Halden,HR-2,MW300-4132,900,3.11,50.3,3.77,
2026-02-03T23:10,Halden,HR-3,MW300-4132,1200,3.98,51.1,3.58,
2026-02-04T01:00,Halden,HR-1,MW300-4132,1800,3.83,53.3,4.3,
2026-02-04T02:50,Halden,HR-2,MW300-4132,1200,2.84,49.6,3.38,
2026-02-04T04:40,Halden,HR-3,MW300-4132,1800,4.24,54.6,4.75,
2026-02-04T06:30,Halden,HR-1,MW300-4132,1200,2.66,49.2,3.68,
2026-02-04T08:20,Halden,HR-2,MW300-4132,1800,4.44,55.7,4.13,
2026-02-04T10:10,Halden,HR-3,MW300-4132,1500,4.03,51.8,4.46,
2026-02-04T12:00,Halden,HR-1,MW300-4133,1500,3.41,55.2,4.45,
2026-02-04T13:50,Halden,HR-2,MW300-4133,1200,3.43,53.2,3.38,
2026-02-04T15:40,Halden,HR-3,MW300-4133,2100,4.22,60.3,4.51,
2026-02-04T17:30,Halden,HR-1,MW300-4133,1800,4.13,56.1,4.76,
2026-02-04T19:20,Halden,HR-2,MW300-4133,1200,3.14,48.5,3.75,
2026-02-04T21:10,Halden,HR-3,MW300-4133,900,2.38,48.9,3.59,
2026-02-04T23:00,Halden,HR-1,MW300-4133,1800,3.15,57.0,4.71,
2026-02-05T00:50,Halden,HR-2,MW300-4133,2100,3.9,59.2,4.38,
2026-02-05T02:40,Halden,HR-3,MW300-4133,1500,3.32,52.4,4.12,
2026-02-05T04:30,Halden,HR-1,MW300-4133,900,2.88,47.9,3.24,
2026-02-05T06:20,Halden,HR-2,MW300-4133,1200,3.09,52.8,3.9,
2026-02-05T08:10,Halden,HR-3,MW300-4133,1500,3.2,56.5,3.72,
2026-02-05T10:00,Halden,HR-1,MW300-4134,2100,4.82,57.2,4.36,
2026-02-05T11:50,Halden,HR-2,MW300-4134,1800,4.53,58.0,4.43,
2026-02-05T13:40,Halden,HR-3,MW300-4134,900,2.14,49.3,3.57,
2026-02-05T15:30,Halden,HR-1,MW300-4134,1500,2.88,52.2,3.76,guard
2026-02-05T17:20,Halden,HR-2,MW300-4134,1200,3.68,48.4,3.96,
2026-02-05T19:10,Halden,HR-3,MW300-4134,1800,3.07,57.6,4.02,
2026-02-05T21:00,Halden,HR-1,MW300-4134,1200,3.83,51.1,4.06,
2026-02-05T22:50,Halden,HR-2,MW300-4134,2100,3.83,59.4,4.9,
2026-02-06T00:40,Halden,HR-3,MW300-4134,900,3.57,45.6,3.05,
2026-02-06T02:30,Halden,HR-1,MW300-4134,2100,4.43,61.0,4.6,
2026-02-06T04:20,Halden,HR-2,MW300-4134,1500,4.2,52.4,3.72,
2026-02-06T06:10,Halden,HR-3,MW300-4134,1500,4.2,52.6,4.2,
2026-02-06T08:00,Halden,HR-1,MW300-4135,1200,3.61,48.3,3.47,
2026-02-06T09:50,Halden,HR-2,MW300-4135,1500,3.61,55.0,4.35,
2026-02-06T11:40,Halden,HR-3,MW300-4135,1200,3.92,53.1,3.77,
2026-02-06T13:30,Halden,HR-1,MW300-4135,2100,4.3,60.9,4.38,
2026-02-06T15:20,Halden,HR-2,MW300-4135,1500,3.1,51.0,3.91,
2026-02-06T17:10,Halden,HR-3,MW300-4135,1200,2.74,50.3,3.79,
2026-02-06T19:00,Halden,HR-1,MW300-4135,1800,3.91,58.1,4.08,
2026-02-06T20:50,Halden,HR-2,MW300-4135,1500,2.93,53.3,3.88,
2026-02-06T22:40,Halden,HR-3,MW300-4135,900,2.63,47.1,3.49,
2026-02-07T00:30,Halden,HR-1,MW300-4135,900,3.27,47.7,3.42,
2026-02-07T02:20,Halden,HR-2,MW300-4135,1500,4.16,55.0,4.29,
2026-02-07T04:10,Halden,HR-3,MW300-4135,1200,3.25,49.9,3.95,
2026-02-07T06:00,Halden,HR-1,MW300-4136,900,3.69,50.3,3.34,
2026-02-07T07:50,Halden,HR-2,MW300-4136,1200,2.82,51.9,3.65,
2026-02-07T09:40,Halden,HR-3,MW300-4136,1200,2.99,52.8,3.35,
2026-02-07T11:30,Halden,HR-1,MW300-4136,2100,4.42,56.4,4.85,
2026-02-07T13:20,Halden,HR-2,MW300-4136,2100,4.35,59.4,4.86,
2026-02-07T15:10,Halden,HR-3,MW300-4136,1800,3.98,58.5,4.74,
2026-02-07T17:00,Halden,HR-1,MW300-4136,900,2.89,48.3,3.35,
2026-02-07T18:50,Halden,HR-2,MW300-4136,1200,3.48,52.7,3.75,
2026-02-07T20:40,Halden,HR-3,MW300-4136,1800,4.04,53.4,4.01,
2026-02-07T22:30,Halden,HR-1,MW300-4136,1500,2.82,53.1,3.72,
2026-02-08T00:20,Halden,HR-2,MW300-4136,1500,2.77,56.0,4.01,
2026-02-08T02:10,Halden,HR-3,MW300-4136,1800,4.51,53.6,4.22,
2026-02-08T04:00,Halden,HR-1,MW300-4137,1500,4.22,54.9,4.46,
2026-02-08T05:50,Halden,HR-2,MW300-4137,900,3.27,51.1,3.28,
2026-02-08T07:40,Halden,HR-3,MW300-4137,1800,3.85,58.5,4.12,
2026-02-08T09:30,Halden,HR-1,MW300-4137,1800,3.64,53.5,4.69,
2026-02-08T11:20,Halden,HR-2,MW300-4137,900,2.4,50.5,3.44,
2026-02-08T13:10,Halden,HR-3,MW300-4137,1200,3.47,50.0,3.78,
2026-02-08T15:00,Halden,HR-1,MW300-4137,1200,3.48,53.3,3.71,
2026-02-08T16:50,Halden,HR-2,MW300-4137,2100,4.59,58.2,4.38,
2026-02-08T18:40,Halden,HR-3,MW300-4137,2100,4.12,58.6,4.79,
2026-02-08T20:30,Halden,HR-1,MW300-4137,1800,4.24,53.7,4.48,
2026-02-08T22:20,Halden,HR-2,MW300-4137,1500,3.21,52.5,4.01,
2026-02-09T00:10,Halden,HR-3,MW300-4137,1500,4.24,52.2,4.09,
2026-02-09T02:00,Halden,HR-1,MW300-4138,1800,3.78,56.2,4.58,
2026-02-09T03:50,Halden,HR-2,MW300-4138,1200,2.51,53.4,3.54,
2026-02-09T05:40,Halden,HR-3,MW300-4138,1500,4.11,53.2,4.06,
2026-02-09T07:30,Halden,HR-1,MW300-4138,1200,3.05,49.7,3.99,
2026-02-09T09:20,Halden,HR-2,MW300-4138,1200,2.42,51.4,3.69,
2026-02-09T11:10,Halden,HR-3,MW300-4138,1200,3.39,49.2,3.59,
2026-02-09T13:00,Halden,HR-1,MW300-4138,1500,2.75,53.7,4.05,
2026-02-09T14:50,Halden,HR-2,MW300-4138,2100,4.86,60.3,4.89,
2026-02-09T16:40,Halden,HR-3,MW300-4138,2100,3.44,56.2,5.09,
2026-02-09T18:30,Halden,HR-1,MW300-4138,2100,3.59,59.2,4.93,
2026-02-09T20:20,Halden,HR-2,MW300-4138,1200,2.62,48.5,3.72,
2026-02-09T22:10,Halden,HR-3,MW300-4138,1500,3.2,51.2,4.25,
2026-02-10T00:00,Halden,HR-1,MW300-4139,900,2.29,49.0,3.4,
2026-02-10T01:50,Halden,HR-2,MW300-4139,2100,4.02,57.9,4.72,
2026-02-10T03:40,Halden,HR-3,MW300-4139,1500,3.47,52.3,4.04,
2026-02-10T05:30,Halden,HR-1,MW300-4139,900,2.36,50.0,3.3,
2026-02-10T07:20,Halden,HR-2,MW300-4139,2100,4.72,58.4,4.43,
2026-02-10T09:10,Halden,HR-3,MW300-4139,1800,3.43,58.2,4.64,
2026-02-10T11:00,Halden,HR-1,MW300-4139,900,3.01,48.0,3.14,
2026-02-10T12:50,Halden,HR-2,MW300-4139,1200,2.89,53.6,4.0,
2026-02-10T14:40,Halden,HR-3,MW300-4139,900,3.63,50.5,3.16,
2026-02-10T16:30,Halden,HR-1,MW300-4139,2100,3.45,60.2,5.05,
2026-02-10T18:20,Halden,HR-2,MW300-4139,2100,3.46,57.2,4.83,
2026-02-10T20:10,Halden,HR-3,MW300-4139,1800,3.45,57.5,4.23,
2026-02-10T22:00,Halden,HR-1,MW300-4140,1500,4.21,52.8,3.8,
2026-02-10T23:50,Halden,HR-2,MW300-4140,900,3.66,47.7,3.76,
2026-02-11T01:40,Halden,HR-3,MW300-4140,900,3.39,49.8,3.51,
2026-02-11T03:30,Halden,HR-1,MW300-4140,1800,3.59,53.4,4.66,
2026-02-11T05:20,Halden,HR-2,MW300-4140,1800,3.29,58.4,4.5,
2026-02-11T07:10,Halden,HR-3,MW300-4140,2100,3.68,60.9,4.93,
2026-02-11T09:00,Halden,HR-1,MW300-4140,1200,3.16,48.4,4.13,
2026-02-11T10:50,Halden,HR-2,MW300-4140,1500,2.93,55.5,3.98,
2026-02-11T12:40,Halden,HR-3,MW300-4140,1500,3.39,52.4,3.74,
2026-02-11T14:30,Halden,HR-1,MW300-4140,2100,3.66,55.6,5.01,
2026-02-11T16:20,Halden,HR-2,MW300-4140,900,2.6,47.8,3.69,
2026-02-11T18:10,Halden,HR-3,MW300-4140,1500,3.42,51.6,3.8,
2026-02-11T20:00,Halden,HR-1,MW300-4141,2100,4.16,61.1,4.37,
2026-02-11T21:50,Halden,HR-2,MW300-4141,1200,3.04,50.1,3.82,
2026-02-11T23:40,Halden,HR-3,MW300-4141,900,2.93,48.6,3.18,
2026-02-12T01:30,Halden,HR-1,MW300-4141,2100,4.58,56.8,4.97,
2026-02-12T03:20,Halden,HR-2,MW300-4141,2100,4.45,55.5,4.67,
2026-02-12T05:10,Halden,HR-3,MW300-4141,1200,2.63,50.6,3.59,
2026-02-12T07:00,Halden,HR-1,MW300-4141,1500,3.2,55.5,4.3,
2026-02-12T08:50,Halden,HR-2,MW300-4141,1500,3.19,52.6,4.15,
2026-02-12T10:40,Halden,HR-3,MW300-4141,1500,4.14,55.3,4.37,
2026-02-12T12:30,Halden,HR-1,MW300-4141,1200,3.58,53.1,3.81,
2026-02-12T14:20,Halden,HR-2,MW300-4141,2100,3.44,55.8,4.93,
2026-02-12T16:10,Halden,HR-3,MW300-4141,900,3.11,49.6,3.35,
2026-02-12T18:00,Halden,HR-1,MW300-4142,900,3.15,48.2,3.11,
2026-02-12T19:50,Halden,HR-2,MW300-4142,1800,3.82,54.9,4.42,
2026-02-12T21:40,Halden,HR-3,MW300-4142,1500,3.87,51.2,4.21,
2026-02-12T23:30,Halden,HR-1,MW300-4142,1200,3.64,53.2,3.71,
2026-02-13T01:20,Halden,HR-2,MW300-4142,900,2.33,46.9,3.65,
2026-02-13T03:10,Halden,HR-3,MW300-4142,1200,3.68,50.8,3.89,
2026-02-13T05:00,Halden,HR-1,MW300-4142,1800,3.06,57.4,4.15,
2026-02-13T06:50,Halden,HR-2,MW300-4142,2100,3.38,57.8,4.46,
2026-02-13T08:40,Halden,HR-3,MW300-4142,1200,3.07,52.9,3.6,
2026-02-13T10:30,Halden,HR-1,MW300-4142,1800,3.47,54.4,4.51,
2026-02-13T12:20,Halden,HR-2,MW300-4142,1500,3.03,50.8,4.22,
2026-02-13T14:10,Halden,HR-3,MW300-4142,1200,3.05,49.7,3.88,
2026-02-13T16:00,Halden,HR-1,MW300-4143,1200,2.94,53.9,4.1,
2026-02-13T17:50,Halden,HR-2,MW300-4143,1200,3.83,50.4,3.85,
2026-02-13T19:40,Halden,HR-3,MW300-4143,1800,3.64,57.4,4.29,
2026-02-13T21:30,Halden,HR-1,MW300-4143,1200,3.93,48.1,3.78,
2026-02-13T23:20,Halden,HR-2,MW300-4143,900,2.94,48.5,3.28,
2026-02-14T01:10,Halden,HR-3,MW300-4143,2100,4.53,58.6,4.99,
2026-02-14T03:00,Halden,HR-1,MW300-4143,900,3.65,48.2,3.03,
2026-02-14T04:50,Halden,HR-2,MW300-4143,900,2.46,46.0,3.27,
2026-02-14T06:40,Halden,HR-3,MW300-4143,900,3.6,50.8,3.04,
2026-02-14T08:30,Halden,HR-1,MW300-4143,1800,3.95,58.3,4.78,
2026-02-14T10:20,Halden,HR-2,MW300-4143,1500,4.18,54.1,4.42,
2026-02-14T12:10,Halden,HR-3,MW300-4143,1800,3.81,57.0,4.74,
2026-02-14T14:00,Halden,HR-1,MW300-4144,1800,4.13,57.2,4.15,
2026-02-14T15:50,Halden,HR-2,MW300-4144,1200,2.71,49.9,3.9,
2026-02-14T17:40,Halden,HR-3,MW300-4144,1800,4.53,55.3,4.14,
2026-02-14T19:30,Halden,HR-1,MW300-4144,1200,3.9,50.0,3.93,
2026-02-14T21:20,Halden,HR-2,MW300-4144,1500,2.86,56.4,4.06,
2026-02-14T23:10,Halden,HR-3,MW300-4144,1200,3.41,50.8,3.94,
2026-02-15T01:00,Halden,HR-1,MW300-4144,1200,3.08,52.0,3.88,
2026-02-15T02:50,Halden,HR-2,MW300-4144,1200,2.42,52.9,3.58,
2026-02-15T04:40,Halden,HR-3,MW300-4144,1800,3.15,58.6,4.1,
2026-02-15T06:30,Halden,HR-1,MW300-4144,1200,2.74,50.9,3.48,
2026-02-15T08:20,Halden,HR-2,MW300-4144,900,2.61,45.5,3.59,
2026-02-15T10:10,Halden,HR-3,MW300-4144,1500,3.62,52.7,3.81,
2026-02-15T12:00,Halden,HR-1,MW300-4145,2100,4.07,58.3,4.9,
2026-02-15T13:50,Halden,HR-2,MW300-4145,1200,3.98,51.9,3.4,
2026-02-15T15:40,Halden,HR-3,MW300-4145,1200,3.07,50.9,3.41,
2026-02-15T17:30,Halden,HR-1,MW300-4145,1200,3.82,53.7,3.88,
2026-02-15T19:20,Halden,HR-2,MW300-4145,1500,3.26,52.4,4.45,
2026-02-15T21:10,Halden,HR-3,MW300-4145,900,2.8,50.0,3.1,
2026-02-15T23:00,Halden,HR-1,MW300-4145,1800,4.34,53.3,4.07,
2026-02-16T00:50,Halden,HR-2,MW300-4145,1200,3.02,53.7,3.69,
2026-02-16T02:40,Halden,HR-3,MW300-4145,1800,3.33,55.7,4.34,
2026-02-16T04:30,Halden,HR-1,MW300-4145,2100,4.07,61.2,4.81,
2026-02-16T06:20,Halden,HR-2,MW300-4145,1200,2.51,49.6,3.79,
2026-02-16T08:10,Halden,HR-3,MW300-4145,900,3.01,49.5,3.79,
2026-02-16T10:00,Halden,HR-1,MW300-4146,900,3.09,49.1,3.65,
2026-02-16T11:50,Halden,HR-2,MW300-4146,1800,3.91,58.7,4.66,
2026-02-16T13:40,Halden,HR-3,MW300-4146,1800,4.41,53.8,4.29,
2026-02-16T15:30,Halden,HR-1,MW300-4146,900,2.17,48.2,3.77,
2026-02-16T17:20,Halden,HR-2,MW300-4146,2100,3.8,60.6,5.08,
2026-02-16T19:10,Halden,HR-3,MW300-4146,2100,3.56,60.2,4.82,
2026-02-16T21:00,Halden,HR-1,MW300-4146,900,2.59,49.1,3.71,
2026-02-16T22:50,Halden,HR-2,MW300-4146,1500,3.18,56.2,3.95,
2026-02-17T00:40,Halden,HR-3,MW300-4146,1800,3.07,55.6,4.2,
2026-02-17T02:30,Halden,HR-1,MW300-4146,1500,3.04,51.2,4.14,
2026-02-17T04:20,Halden,HR-2,MW300-4146,1800,3.08,57.7,4.36,
2026-02-17T06:10,Halden,HR-3,MW300-4146,900,3.26,48.4,3.04,
2026-02-17T08:00,Halden,HR-1,MW300-4147,2100,4.37,58.4,5.0,
2026-02-17T09:50,Halden,HR-2,MW300-4147,1200,3.93,48.8,3.64,
2026-02-17T11:40,Halden,HR-3,MW300-4147,1200,2.86,49.1,3.86,
2026-02-17T13:30,Halden,HR-1,MW300-4147,900,2.82,50.8,3.58,
2026-02-17T15:20,Halden,HR-2,MW300-4147,1500,3.24,52.1,4.21,
2026-02-17T17:10,Halden,HR-3,MW300-4147,1500,3.81,51.3,3.8,
2026-02-17T19:00,Halden,HR-1,MW300-4147,900,3.11,51.3,3.6,
2026-02-17T20:50,Halden,HR-2,MW300-4147,900,3.56,49.0,3.34,
2026-02-17T22:40,Halden,HR-3,MW300-4147,900,2.53,47.2,3.44,
2026-02-18T00:30,Halden,HR-1,MW300-4147,1800,3.25,53.5,4.72,
2026-02-18T02:20,Halden,HR-2,MW300-4147,2100,4.56,57.8,5.08,
2026-02-18T04:10,Halden,HR-3,MW300-4147,1800,4.56,53.5,4.01,
2026-02-18T06:00,Halden,HR-1,MW300-4148,900,2.48,47.5,3.15,
2026-02-18T07:50,Halden,HR-2,MW300-4148,1800,3.82,55.2,4.03,
2026-02-18T09:40,Halden,HR-3,MW300-4148,1200,3.79,51.7,3.99,
2026-02-18T11:30,Halden,HR-1,MW300-4148,1800,4.47,55.2,4.25,
2026-02-18T13:20,Halden,HR-2,MW300-4148,2100,3.43,59.7,4.34,
2026-02-18T15:10,Halden,HR-3,MW300-4148,1200,3.96,48.8,3.82,
2026-02-18T17:00,Halden,HR-1,MW300-4148,1200,2.5,50.2,3.55,
2026-02-18T18:50,Halden,HR-2,MW300-4148,1800,4.4,56.0,4.1,
2026-02-18T20:40,Halden,HR-3,MW300-4148,1800,3.26,58.0,4.43,
2026-02-18T22:30,Halden,HR-1,MW300-4148,1200,2.46,49.6,4.02,
2026-02-19T00:20,Halden,HR-2,MW300-4148,1200,2.72,53.6,3.65,
2026-02-19T02:10,Halden,HR-3,MW300-4148,2100,4.19,57.1,4.94,
2026-02-19T04:00,Halden,HR-1,MW300-4149,1200,3.11,52.9,3.35,
2026-02-19T05:50,Halden,HR-2,MW300-4149,900,3.54,46.0,3.76,
2026-02-19T07:40,Halden,HR-3,MW300-4149,900,3.21,47.8,3.34,
2026-02-19T09:30,Halden,HR-1,MW300-4149,1200,3.74,51.9,4.13,
2026-02-19T11:20,Halden,HR-2,MW300-4149,2100,4.31,60.5,4.9,
2026-02-19T13:10,Halden,HR-3,MW300-4149,1500,4.28,50.6,4.2,
2026-02-19T15:00,Halden,HR-1,MW300-4149,900,2.5,47.7,3.33,
2026-02-19T16:50,Halden,HR-2,MW300-4149,1200,3.93,50.6,3.89,
2026-02-19T18:40,Halden,HR-3,MW300-4149,1500,3.62,51.7,4.19,
2026-02-19T20:30,Halden,HR-1,MW300-4149,1500,3.85,54.7,4.19,
2026-02-19T22:20,Halden,HR-2,MW300-4149,1200,2.47,49.0,4.07,
2026-02-20T00:10,Halden,HR-3,MW300-4149,2100,4.5,57.0,4.44,
2026-02-20T02:00,Halden,HR-1,MW300-4150,1200,2.73,51.5,3.76,
2026-02-20T03:50,Halden,HR-2,MW300-4150,900,2.16,45.8,3.46,
2026-02-20T05:40,Halden,HR-3,MW300-4150,2100,3.6,57.2,4.46,
2026-02-20T07:30,Halden,HR-1,MW300-4150,1500,3.1,55.2,3.92,
2026-02-20T09:20,Halden,HR-2,MW300-4150,1800,3.24,53.1,4.63,
2026-02-20T11:10,Halden,HR-3,MW300-4150,1200,3.83,52.7,3.69,
2026-02-20T13:00,Halden,HR-1,MW300-4150,2100,4.51,59.1,5.02,
2026-02-20T14:50,Halden,HR-2,MW300-4150,2100,4.66,57.4,4.38,
2026-02-20T16:40,Halden,HR-3,MW300-4150,1500,2.93,51.2,4.19,
2026-02-20T18:30,Halden,HR-1,MW300-4150,900,2.76,48.4,3.11,
2026-02-20T20:20,Halden,HR-2,MW300-4150,1500,3.12,51.1,3.92,
2026-02-20T22:10,Halden,HR-3,MW300-4150,1200,2.57,50.5,4.12,
2026-02-21T00:00,Halden,HR-1,MW300-4151,900,3.46,49.6,3.76,
2026-02-21T01:50,Halden,HR-2,MW300-4151,900,3.53,50.8,3.44,
2026-02-21T03:40,Halden,HR-3,MW300-4151,1500,3.26,53.8,4.42,
2026-02-21T05:30,Halden,HR-1,MW300-4151,900,3.1,48.4,3.42,
2026-02-21T07:20,Halden,HR-2,MW300-4151,1200,2.84,48.2,3.76,
2026-02-21T09:10,Halden,HR-3,MW300-4151,2100,4.69,61.4,4.51,
2026-02-21T11:00,Halden,HR-1,MW300-4151,1500,4.2,50.9,4.17,
2026-02-21T12:50,Halden,HR-2,MW300-4151,900,2.88,45.9,3.21,
2026-02-21T14:40,Halden,HR-3,MW300-4151,2100,3.72,60.3,4.86,
2026-02-21T16:30,Halden,HR-1,MW300-4151,1500,4.06,55.1,3.89,
2026-02-21T18:20,Halden,HR-2,MW300-4151,900,3.66,45.6,3.54,
2026-02-21T20:10,Halden,HR-3,MW300-4151,1200,2.94,52.5,3.39,
2026-02-21T22:00,Halden,HR-1,MW300-4152,900,3.44,50.2,3.25,
2026-02-21T23:50,Halden,HR-2,MW300-4152,900,2.17,49.4,3.32,
2026-02-22T01:40,Halden,HR-3,MW300-4152,1500,2.95,56.0,3.92,
2026-02-22T03:30,Halden,HR-1,MW300-4152,1800,3.46,55.2,4.24,
2026-02-22T05:20,Halden,HR-2,MW300-4152,1800,3.04,54.4,4.31,
2026-02-22T07:10,Halden,HR-3,MW300-4152,900,2.2,51.5,3.02,
2026-02-22T09:00,Halden,HR-1,MW300-4152,1800,3.52,54.4,4.4,guard
2026-02-22T10:50,Halden,HR-2,MW300-4152,900,3.25,49.4,3.28,
2026-02-22T12:40,Halden,HR-3,MW300-4152,1200,3.2,53.2,4.04,
2026-02-22T14:30,Halden,HR-1,MW300-4152,900,2.25,46.3,3.38,
2026-02-22T16:20,Halden,HR-2,MW300-4152,1800,3.27,54.8,4.26,
2026-02-22T18:10,Halden,HR-3,MW300-4152,2100,3.75,60.7,4.38,
2026-02-22T20:00,Halden,HR-1,MW300-4153,2100,4.44,59.4,4.96,
2026-02-22T21:50,Halden,HR-2,MW300-4153,2100,4.85,55.5,4.85,
2026-02-22T23:40,Halden,HR-3,MW300-4153,1500,3.87,50.7,4.12,
2026-02-23T01:30,Halden,HR-1,MW300-4153,2100,3.83,56.7,4.36,
2026-02-23T03:20,Halden,HR-2,MW300-4153,1800,4.23,53.7,4.14,
2026-02-23T05:10,Halden,HR-3,MW300-4153,1800,4.01,58.4,4.65,
2026-02-23T07:00,Halden,HR-1,MW300-4153,1800,3.92,55.2,4.08,
2026-02-23T08:50,Halden,HR-2,MW300-4153,1800,3.47,58.5,4.09,
2026-02-23T10:40,Halden,HR-3,MW300-4153,1800,4.55,53.8,4.67,
2026-02-23T12:30,Halden,HR-1,MW300-4153,1500,3.97,56.4,3.7,
2026-02-23T14:20,Halden,HR-2,MW300-4153,2100,3.7,61.1,4.57,
2026-02-23T16:10,Halden,HR-3,MW300-4153,1200,2.93,51.7,4.11,
2026-02-23T18:00,Halden,HR-1,MW300-4154,1500,2.77,53.3,3.82,
2026-02-23T19:50,Halden,HR-2,MW300-4154,1500,3.98,52.7,3.9,
2026-02-23T21:40,Halden,HR-3,MW300-4154,900,2.64,47.9,3.76,
2026-02-23T23:30,Halden,HR-1,MW300-4154,900,2.16,49.9,3.78,
2026-02-24T01:20,Halden,HR-2,MW300-4154,900,2.85,46.1,3.12,
2026-02-24T03:10,Halden,HR-3,MW300-4154,2100,4.34,58.7,4.61,
2026-02-24T05:00,Halden,HR-1,MW300-4154,2100,4.66,56.9,4.64,
2026-02-24T06:50,Halden,HR-2,MW300-4154,1500,3.17,55.5,4.2,
2026-02-24T08:40,Halden,HR-3,MW300-4154,1500,3.87,54.4,4.03,
2026-02-24T10:30,Halden,HR-1,MW300-4154,900,2.7,48.1,3.73,
2026-02-24T12:20,Halden,HR-2,MW300-4154,900,2.75,47.8,3.27,
2026-02-24T14:10,Halden,HR-3,MW300-4154,1500,3.83,52.9,4.4,
2026-02-24T16:00,Halden,HR-1,MW300-4155,900,2.46,49.4,3.34,
2026-02-24T17:50,Halden,HR-2,MW300-4155,2100,4.35,57.6,4.75,
2026-02-24T19:40,Halden,HR-3,MW300-4155,1200,2.71,53.7,3.75,
2026-02-24T21:30,Halden,HR-1,MW300-4155,2100,4.48,56.8,5.01,
2026-02-24T23:20,Halden,HR-2,MW300-4155,1500,3.97,52.7,3.7,
2026-02-25T01:10,Halden,HR-3,MW300-4155,1500,3.64,55.7,4.23,
2026-02-25T03:00,Halden,HR-1,MW300-4155,1200,2.74,53.3,3.92,
2026-02-25T04:50,Halden,HR-2,MW300-4155,2100,3.91,59.6,4.52,
2026-02-25T06:40,Halden,HR-3,MW300-4155,1500,3.71,51.0,3.7,
2026-02-25T08:30,Halden,HR-1,MW300-4155,1500,3.7,53.8,3.88,
2026-02-25T10:20,Halden,HR-2,MW300-4155,1500,3.73,55.3,4.42,
2026-02-25T12:10,Halden,HR-3,MW300-4155,1200,3.64,50.0,3.48,
2026-02-25T14:00,Halden,HR-1,MW300-4156,1500,3.63,53.6,4.16,
2026-02-25T15:50,Halden,HR-2,MW300-4156,1200,2.62,50.3,3.93,
2026-02-25T17:40,Halden,HR-3,MW300-4156,900,2.18,47.5,3.53,
2026-02-25T19:30,Halden,HR-1,MW300-4156,1800,3.93,58.9,4.57,
2026-02-25T21:20,Halden,HR-2,MW300-4156,1500,4.17,51.3,4.39,
2026-02-25T23:10,Halden,HR-3,MW300-4156,900,2.53,47.1,3.34,
2026-02-26T01:00,Halden,HR-1,MW300-4156,1200,2.85,53.4,3.89,
2026-02-26T02:50,Halden,HR-2,MW300-4156,2100,4.47,58.9,5.01,
2026-02-26T04:40,Halden,HR-3,MW300-4156,2100,3.91,61.4,4.95,
2026-02-26T06:30,Halden,HR-1,MW300-4156,900,2.68,50.9,3.44,
2026-02-26T08:20,Halden,HR-2,MW300-4156,1500,4.07,53.5,3.88,
2026-02-26T10:10,Halden,HR-3,MW300-4156,1200,3.41,51.3,3.41,
2026-02-26T12:00,Halden,HR-1,MW300-4157,1200,2.93,51.4,3.91,
2026-02-26T13:50,Halden,HR-2,MW300-4157,1500,3.87,54.8,4.28,
2026-02-26T15:40,Halden,HR-3,MW300-4157,900,2.43,46.9,3.79,
2026-02-26T17:30,Halden,HR-1,MW300-4157,2100,4.55,57.8,4.77,
2026-02-26T19:20,Halden,HR-2,MW300-4157,1800,4.13,56.3,4.04,
2026-02-26T21:10,Halden,HR-3,MW300-4157,900,2.84,49.4,3.28,
2026-02-26T23:00,Halden,HR-1,MW300-4157,1800,3.5,55.2,4.31,
2026-02-27T00:50,Halden,HR-2,MW300-4157,900,3.18,48.8,3.07,
2026-02-27T02:40,Halden,HR-3,MW300-4157,900,3.6,49.5,3.06,
2026-02-27T04:30,Halden,HR-1,MW300-4157,1800,3.14,58.9,4.02,
2026-02-27T06:20,Halden,HR-2,MW300-4157,1200,3.84,49.6,3.36,
2026-02-27T08:10,Halden,HR-3,MW300-4157,1800,3.52,53.7,4.58,
2026-02-27T10:00,Halden,HR-1,MW300-4158,1200,2.45,51.4,4.05,
2026-02-27T11:50,Halden,HR-2,MW300-4158,900,2.12,45.6,3.04,
2026-02-27T13:40,Halden,HR-3,MW300-4158,1800,4.21,54.8,4.75,
2026-02-27T15:30,Halden,HR-1,MW300-4158,1800,3.03,58.7,4.06,
2026-02-27T17:20,Halden,HR-2,MW300-4158,1500,3.34,55.4,4.07,
2026-02-27T19:10,Halden,HR-3,MW300-4158,2100,4.71,57.7,4.92,
2026-02-27T21:00,Halden,HR-1,MW300-4158,900,2.53,46.9,3.01,
2026-02-27T22:50,Halden,HR-2,MW300-4158,1500,3.19,51.0,3.82,
2026-02-28T00:40,Halden,HR-3,MW300-4158,1800,4.02,54.7,4.3,
2026-02-28T02:30,Halden,HR-1,MW300-4158,2100,4.23,60.3,4.56,
2026-02-28T04:20,Halden,HR-2,MW300-4158,1500,3.37,53.4,4.14,guard
2026-02-28T06:10,Halden,HR-3,MW300-4158,900,2.31,46.1,3.67,
2026-02-28T08:00,Halden,HR-1,MW300-4159,1800,4.55,56.2,4.37,
2026-02-28T09:50,Halden,HR-2,MW300-4159,2100,4.38,58.5,4.93,
2026-02-28T11:40,Halden,HR-3,MW300-4159,1800,3.76,56.3,4.57,
2026-02-28T13:30,Halden,HR-1,MW300-4159,2100,3.71,56.0,4.67,
2026-02-28T15:20,Halden,HR-2,MW300-4159,1500,3.67,54.0,4.24,
2026-02-28T17:10,Halden,HR-3,MW300-4159,1800,3.45,56.7,4.07,
2026-02-28T19:00,Halden,HR-1,MW300-4159,1500,2.85,50.6,3.95,
2026-02-28T20:50,Halden,HR-2,MW300-4159,2100,4.72,60.3,5.07,
2026-02-28T22:40,Halden,HR-3,MW300-4159,1500,4.18,54.7,3.73,
2026-03-01T00:30,Halden,HR-1,MW300-4159,1200,3.68,51.1,3.49,
2026-03-01T02:20,Halden,HR-2,MW300-4159,1800,3.84,55.0,4.44,
2026-03-01T04:10,Halden,HR-3,MW300-4159,2100,3.95,56.9,4.7,
2026-03-01T06:00,Halden,HR-1,MW300-4160,2100,3.92,57.1,4.91,
2026-03-01T07:50,Halden,HR-2,MW300-4160,900,3.41,50.3,3.72,
2026-03-01T09:40,Halden,HR-3,MW300-4160,2100,3.96,56.0,4.88,
2026-03-01T11:30,Halden,HR-1,MW300-4160,900,2.68,51.4,3.22,
2026-03-01T13:20,Halden,HR-2,MW300-4160,2100,4.84,59.8,4.81,
2026-03-01T15:10,Halden,HR-3,MW300-4160,1800,3.09,56.7,4.18,
2026-03-01T17:00,Halden,HR-1,MW300-4160,2100,3.36,59.9,5.01,
2026-03-01T18:50,Halden,HR-2,MW300-4160,900,3.04,48.3,3.73,
2026-03-01T20:40,Halden,HR-3,MW300-4160,1500,3.95,55.6,3.8,
2026-03-01T22:30,Halden,HR-1,MW300-4160,2100,4.62,59.6,4.65,
2026-03-02T00:20,Halden,HR-2,MW300-4160,2100,3.97,55.7,4.86,
2026-03-02T02:10,Halden,HR-3,MW300-4160,1200,3.56,48.2,3.72,
2026-03-02T04:00,Halden,HR-1,MW300-4161,1500,3.22,50.6,3.74,
2026-03-02T05:50,Halden,HR-2,MW300-4161,1500,4.18,53.5,4.16,
2026-03-02T07:40,Halden,HR-3,MW300-4161,1200,2.77,48.7,3.5,
2026-03-02T09:30,Halden,HR-1,MW300-4161,900,2.9,45.7,3.74,
2026-03-02T11:20,Halden,HR-2,MW300-4161,900,3.46,47.6,3.68,
2026-03-02T13:10,Halden,HR-3,MW300-4161,1500,4.04,53.4,3.75,
2026-03-02T15:00,Halden,HR-1,MW300-4161,1800,3.88,53.7,4.47,
2026-03-02T16:50,Halden,HR-2,MW300-4161,1500,2.71,56.0,3.83,
2026-03-02T18:40,Halden,HR-3,MW300-4161,1200,2.44,48.1,3.59,
2026-03-02T20:30,Halden,HR-1,MW300-4161,900,2.95,49.5,3.18,
2026-03-02T22:20,Halden,HR-2,MW300-4161,2100,3.57,61.2,4.57,
2026-03-03T00:10,Halden,HR-3,MW300-4161,1200,2.51,48.9,3.87,
2026-03-03T02:00,Halden,HR-1,MW300-4162,1800,3.94,55.6,4.39,
2026-03-03T03:50,Halden,HR-2,MW300-4162,1800,3.76,57.0,4.78,
2026-03-03T05:40,Halden,HR-3,MW300-4162,1800,4.24,53.6,4.56,
2026-03-03T07:30,Halden,HR-1,MW300-4162,1500,3.85,54.2,4.09,
2026-03-03T09:20,Halden,HR-2,MW300-4162,1800,3.28,56.0,4.67,
2026-03-03T11:10,Halden,HR-3,MW300-4162,1500,4.0,52.4,4.08,
2026-03-03T13:00,Halden,HR-1,MW300-4162,900,3.27,45.7,3.77,
2026-03-03T14:50,Halden,HR-2,MW300-4162,1200,3.58,52.7,3.92,
2026-03-03T16:40,Halden,HR-3,MW300-4162,1200,2.71,53.5,3.55,
2026-03-03T18:30,Halden,HR-1,MW300-4162,1800,3.52,53.0,4.21,
2026-03-03T20:20,Halden,HR-2,MW300-4162,1500,2.94,52.0,4.28,
2026-03-03T22:10,Halden,HR-3,MW300-4162,900,3.66,49.7,3.52,
2026-03-04T00:00,Halden,HR-1,MW300-4163,900,2.33,47.1,3.13,
2026-03-04T01:50,Halden,HR-2,MW300-4163,900,3.33,47.2,3.63,
2026-03-04T03:40,Halden,HR-3,MW300-4163,1500,3.01,54.4,4.44,
2026-03-04T05:30,Halden,HR-1,MW300-4163,1200,2.73,52.4,3.46,
2026-03-04T07:20,Halden,HR-2,MW300-4163,1200,3.18,49.8,4.11,
2026-03-04T09:10,Halden,HR-3,MW300-4163,1500,2.78,51.0,3.81,
2026-03-04T11:00,Halden,HR-1,MW300-4163,1200,3.78,49.7,3.78,
2026-03-04T12:50,Halden,HR-2,MW300-4163,1800,4.27,54.3,4.2,
2026-03-04T14:40,Halden,HR-3,MW300-4163,1500,2.96,54.0,4.27,
2026-03-04T16:30,Halden,HR-1,MW300-4163,900,3.32,47.5,3.54,
2026-03-04T18:20,Halden,HR-2,MW300-4163,1800,3.94,57.7,4.24,
2026-03-04T20:10,Halden,HR-3,MW300-4163,1200,3.26,49.4,3.8,
2026-03-04T22:00,Halden,HR-1,MW300-4164,900,2.91,47.4,3.75,
2026-03-04T23:50,Halden,HR-2,MW300-4164,1500,4.13,56.3,3.91,
2026-03-05T01:40,Halden,HR-3,MW300-4164,1200,2.42,50.6,3.85,
2026-03-05T03:30,Halden,HR-1,MW300-4164,1800,3.41,53.3,4.42,
2026-03-05T05:20,Halden,HR-2,MW300-4164,1800,4.42,53.5,4.67,
2026-03-05T07:10,Halden,HR-3,MW300-4164,1500,4.13,54.2,3.89,
2026-03-05T09:00,Halden,HR-1,MW300-4164,1800,3.59,53.8,4.4,
2026-03-05T10:50,Halden,HR-2,MW300-4164,1200,2.96,48.6,3.64,
2026-03-05T12:40,Halden,HR-3,MW300-4164,900,3.3,50.9,3.46,
2026-03-05T14:30,Halden,HR-1,MW300-4164,900,3.6,50.3,3.04,
2026-03-05T16:20,Halden,HR-2,MW300-4164,1800,3.05,53.5,4.18,
2026-03-05T18:10,Halden,HR-3,MW300-4164,900,3.64,47.6,3.5,
2026-03-05T20:00,Halden,HR-1,MW300-4165,1500,3.91,54.9,4.27,
2026-03-05T21:50,Halden,HR-2,MW300-4165,900,2.96,48.1,3.36,
2026-03-05T23:40,Halden,HR-3,MW300-4165,1200,2.75,52.8,3.65,
2026-03-06T01:30,Halden,HR-1,MW300-4165,1500,3.03,54.1,4.07,
2026-03-06T03:20,Halden,HR-2,MW300-4165,1800,3.53,59.0,4.39,
2026-03-06T05:10,Halden,HR-3,MW300-4165,900,3.42,47.8,3.68,
2026-03-06T07:00,Halden,HR-1,MW300-4165,900,3.69,46.7,3.6,
2026-03-06T08:50,Halden,HR-2,MW300-4165,900,2.6,46.3,3.19,
2026-03-06T10:40,Halden,HR-3,MW300-4165,1500,4.05,50.9,4.41,
2026-03-06T12:30,Halden,HR-1,MW300-4165,2100,3.68,56.4,5.09,
2026-03-06T14:20,Halden,HR-2,MW300-4165,1200,3.94,54.0,4.09,
2026-03-06T16:10,Halden,HR-3,MW300-4165,1800,3.89,55.7,4.51,
2026-03-06T18:00,Halden,HR-1,MW300-4166,2100,4.55,60.5,4.71,
2026-03-06T19:50,Halden,HR-2,MW300-4166,900,2.5,47.4,3.02,
2026-03-06T21:40,Halden,HR-3,MW300-4166,1800,4.48,59.0,4.78,
2026-03-06T23:30,Halden,HR-1,MW300-4166,1800,3.56,56.0,4.41,
2026-03-07T01:20,Halden,HR-2,MW300-4166,1800,3.63,57.1,4.52,
2026-03-07T03:10,Halden,HR-3,MW300-4166,1200,2.85,53.5,3.74,
2026-03-07T05:00,Halden,HR-1,MW300-4166,900,2.14,50.0,3.46,
2026-03-07T06:50,Halden,HR-2,MW300-4166,1200,2.96,52.0,3.39,
2026-03-07T08:40,Halden,HR-3,MW300-4166,2100,4.33,58.0,4.97,
2026-03-07T10:30,Halden,HR-1,MW300-4166,1500,3.38,52.2,4.45,
2026-03-07T12:20,Halden,HR-2,MW300-4166,1200,3.33,52.3,3.92,
2026-03-07T14:10,Halden,HR-3,MW300-4166,1200,2.48,51.5,4.04,
2026-03-07T16:00,Halden,HR-1,MW300-4167,900,3.44,48.5,3.79,
2026-03-07T17:50,Halden,HR-2,MW300-4167,1500,4.18,55.5,4.19,guard
2026-03-07T19:40,Halden,HR-3,MW300-4167,1800,3.2,53.4,4.78,
2026-03-07T21:30,Halden,HR-1,MW300-4167,1200,3.18,53.2,3.95,
2026-03-07T23:20,Halden,HR-2,MW300-4167,1500,3.31,56.4,3.72,
2026-03-08T01:10,Halden,HR-3,MW300-4167,2100,3.98,59.1,4.4,
2026-03-08T03:00,Halden,HR-1,MW300-4167,1200,3.59,52.6,3.97,
2026-03-08T04:50,Halden,HR-2,MW300-4167,1200,2.94,51.5,3.68,
2026-03-08T06:40,Halden,HR-3,MW300-4167,900,2.93,51.0,3.14,
2026-03-08T08:30,Halden,HR-1,MW300-4167,900,3.16,47.4,3.24,
2026-03-08T10:20,Halden,HR-2,MW300-4167,1800,4.17,58.2,4.11,
2026-03-08T12:10,Halden,HR-3,MW300-4167,1500,3.33,55.2,3.78,
2026-03-08T14:00,Halden,HR-1,MW300-4168,1200,3.83,52.6,3.96,
2026-03-08T15:50,Halden,HR-2,MW300-4168,1500,4.25,55.3,4.44,
2026-03-08T17:40,Halden,HR-3,MW300-4168,1500,2.84,53.6,3.77,
2026-03-08T19:30,Halden,HR-1,MW300-4168,1500,3.96,56.3,4.36,
2026-03-08T21:20,Halden,HR-2,MW300-4168,2100,3.68,61.1,4.99,
2026-03-08T23:10,Halden,HR-3,MW300-4168,2100,3.48,58.0,4.63,
2026-03-09T01:00,Halden,HR-1,MW300-4168,2100,3.62,57.0,4.52,
2026-03-09T02:50,Halden,HR-2,MW300-4168,900,2.99,50.2,3.6,
2026-03-09T04:40,Halden,HR-3,MW300-4168,1800,4.26,56.9,4.5,
2026-03-09T06:30,Halden,HR-1,MW300-4168,1500,3.65,52.5,4.08,
2026-03-09T08:20,Halden,HR-2,MW300-4168,900,3.25,45.9,3.5,
2026-03-09T10:10,Halden,HR-3,MW300-4168,900,3.65,47.9,3.54,
2026-03-09T12:00,Halden,HR-1,MW300-4169,1800,3.19,55.8,4.5,
2026-03-09T13:50,Halden,HR-2,MW300-4169,1500,2.93,52.8,3.87,
2026-03-09T15:40,Halden,HR-3,MW300-4169,1200,2.99,49.6,3.63,
2026-03-09T17:30,Halden,HR-1,MW300-4169,1800,3.29,57.6,4.75,
2026-03-09T19:20,Halden,HR-2,MW300-4169,1200,3.11,49.9,3.82,
2026-03-09T21:10,Halden,HR-3,MW300-4169,1800,3.09,56.7,4.18,
2026-03-09T23:00,Halden,HR-1,MW300-4169,1500,3.59,53.8,3.93,
2026-03-10T00:50,Halden,HR-2,MW300-4169,1500,3.05,55.8,4.19,
2026-03-10T02:40,Halden,HR-3,MW300-4169,1500,3.8,52.4,4.41,
2026-03-10T04:30,Halden,HR-1,MW300-4169,2100,4.21,57.4,4.8,
2026-03-10T06:20,Halden,HR-2,MW300-4169,1800,3.37,54.5,4.15,
2026-03-10T08:10,Halden,HR-3,MW300-4169,900,3.47,46.4,3.13,
2026-03-10T10:00,Halden,HR-1,MW300-4170,900,2.16,46.4,3.49,
2026-03-10T11:50,Halden,HR-2,MW300-4170,2100,4.8,57.4,4.72,
2026-03-10T13:40,Halden,HR-3,MW300-4170,1500,2.97,55.5,4.33,
2026-03-10T15:30,Halden,HR-1,MW300-4170,1800,3.8,56.5,4.38,
2026-03-10T17:20,Halden,HR-2,MW300-4170,1200,3.58,50.8,4.11,
2026-03-10T19:10,Halden,HR-3,MW300-4170,900,3.16,49.4,3.1,
2026-03-10T21:00,Halden,HR-1,MW300-4170,1500,4.12,52.3,4.36,
2026-03-10T22:50,Halden,HR-2,MW300-4170,2100,4.44,60.9,4.86,
2026-03-11T00:40,Halden,HR-3,MW300-4170,1500,2.72,53.0,4.44,
2026-03-11T02:30,Halden,HR-1,MW300-4170,1500,2.91,50.7,4.23,
2026-03-11T04:20,Halden,HR-2,MW300-4170,900,2.47,47.3,3.44,
2026-03-11T06:10,Halden,HR-3,MW300-4170,1500,3.04,51.0,3.96,
2026-03-11T08:00,Halden,HR-1,MW300-4171,900,2.41,46.0,3.04,
2026-03-11T09:50,Halden,HR-2,MW300-4171,900,2.45,50.6,3.12,
2026-03-11T11:40,Halden,HR-3,MW300-4171,2100,4.65,56.9,4.72,
2026-03-11T13:30,Halden,HR-1,MW300-4171,900,2.4,48.9,3.59,
2026-03-11T15:20,Halden,HR-2,MW300-4171,1500,3.41,55.4,4.3,
2026-03-11T17:10,Halden,HR-3,MW300-4171,1800,3.59,55.2,4.4,
2026-03-11T19:00,Halden,HR-1,MW300-4171,1800,3.0,56.3,4.52,
2026-03-11T20:50,Halden,HR-2,MW300-4171,900,2.43,50.1,3.22,
2026-03-11T22:40,Halden,HR-3,MW300-4171,1200,3.72,52.9,3.57,
2026-03-12T00:30,Halden,HR-1,MW300-4171,900,3.11,48.6,3.15,
2026-03-12T02:20,Halden,HR-2,MW300-4171,1200,2.89,50.1,3.55,
2026-03-12T04:10,Halden,HR-3,MW300-4171,2100,4.71,58.1,4.88,
2026-03-12T06:00,Halden,HR-1,MW300-4172,1500,2.76,51.9,3.83,
2026-03-12T07:50,Halden,HR-2,MW300-4172,1500,2.73,50.5,3.91,
2026-03-12T09:40,Halden,HR-3,MW300-4172,1500,3.71,55.8,4.23,
2026-03-12T11:30,Halden,HR-1,MW300-4172,1500,2.86,51.7,4.06,
2026-03-12T13:20,Halden,HR-2,MW300-4172,1500,3.95,56.3,3.92,guard
2026-03-12T15:10,Halden,HR-3,MW300-4172,1800,4.0,54.9,4.58,
2026-03-12T17:00,Halden,HR-1,MW300-4172,2100,4.57,55.7,4.41,
2026-03-12T18:50,Halden,HR-2,MW300-4172,1500,2.96,52.6,4.2,
2026-03-12T20:40,Halden,HR-3,MW300-4172,1800,3.98,54.6,4.33,
2026-03-12T22:30,Halden,HR-1,MW300-4172,1800,3.09,57.5,4.19,
2026-03-13T00:20,Halden,HR-2,MW300-4172,1800,3.48,56.8,4.6,
2026-03-13T02:10,Halden,HR-3,MW300-4172,1200,3.27,53.3,4.08,
2026-03-13T04:00,Halden,HR-1,MW300-4173,1800,4.56,56.8,4.46,
2026-03-13T05:50,Halden,HR-2,MW300-4173,1500,4.04,55.3,4.21,
2026-03-13T07:40,Halden,HR-3,MW300-4173,1800,3.53,54.5,4.11,
2026-03-13T09:30,Halden,HR-1,MW300-4173,900,2.69,48.4,3.31,
2026-03-13T11:20,Halden,HR-2,MW300-4173,1500,4.17,54.1,3.87,
2026-03-13T13:10,Halden,HR-3,MW300-4173,1800,4.58,58.2,4.56,
2026-03-13T15:00,Halden,HR-1,MW300-4173,900,3.01,49.6,3.56,
2026-03-13T16:50,Halden,HR-2,MW300-4173,1800,4.59,55.8,4.42,
2026-03-13T18:40,Halden,HR-3,MW300-4173,2100,4.8,56.8,4.45,
2026-03-13T20:30,Halden,HR-1,MW300-4173,2100,4.71,56.2,4.89,
2026-03-13T22:20,Halden,HR-2,MW300-4173,1500,2.74,52.3,4.29,
2026-03-14T00:10,Halden,HR-3,MW300-4173,1200,3.21,49.4,3.9,
2026-03-14T02:00,Halden,HR-1,MW300-4174,1200,3.75,53.1,3.61,
2026-03-14T03:50,Halden,HR-2,MW300-4174,1200,2.89,48.7,3.9,
2026-03-14T05:40,Halden,HR-3,MW300-4174,1500,3.23,55.6,4.4,
2026-03-14T07:30,Halden,HR-1,MW300-4174,1200,2.61,53.9,3.73,
2026-03-14T09:20,Halden,HR-2,MW300-4174,1800,3.93,55.3,4.32,
2026-03-14T11:10,Halden,HR-3,MW300-4174,1500,3.17,54.7,3.8,
2026-03-14T13:00,Halden,HR-1,MW300-4174,1800,4.14,53.8,4.42,
2026-03-14T14:50,Halden,HR-2,MW300-4174,1800,4.38,53.4,4.1,
2026-03-14T16:40,Halden,HR-3,MW300-4174,900,3.61,50.6,3.47,
2026-03-14T18:30,Halden,HR-1,MW300-4174,1200,4.0,49.9,3.69,
2026-03-14T20:20,Halden,HR-2,MW300-4174,1800,3.86,54.7,4.56,
2026-03-14T22:10,Halden,HR-3,MW300-4174,900,2.18,48.7,3.16,
2026-03-15T00:00,Halden,HR-1,MW300-4175,1800,3.6,57.4,4.45,
2026-03-15T01:50,Halden,HR-2,MW300-4175,900,3.01,49.3,3.05,
2026-03-15T03:40,Halden,HR-3,MW300-4175,1200,3.15,51.5,3.41,
2026-03-15T05:30,Halden,HR-1,MW300-4175,1500,3.08,55.1,3.84,
2026-03-15T07:20,Halden,HR-2,MW300-4175,1800,3.17,56.2,4.29,
2026-03-15T09:10,Halden,HR-3,MW300-4175,1800,3.18,53.3,4.31,
2026-03-15T11:00,Halden,HR-1,MW300-4175,1200,2.8,49.7,3.61,
2026-03-15T12:50,Halden,HR-2,MW300-4175,1200,3.5,52.6,3.37,
2026-03-15T14:40,Halden,HR-3,MW300-4175,900,3.51,47.0,3.27,
2026-03-15T16:30,Halden,HR-1,MW300-4175,1800,3.08,58.1,4.74,
2026-03-15T18:20,Halden,HR-2,MW300-4175,900,2.85,45.6,3.44,
2026-03-15T20:10,Halden,HR-3,MW300-4175,1800,3.29,53.8,4.45,
2026-03-15T22:00,Halden,HR-1,MW300-4176,1800,3.23,56.5,4.17,
2026-03-15T23:50,Halden,HR-2,MW300-4176,900,3.05,51.1,3.06,
2026-03-16T01:40,Halden,HR-3,MW300-4176,1500,2.72,55.9,3.95,
2026-03-16T03:30,Halden,HR-1,MW300-4176,1800,3.83,58.4,4.21,
2026-03-16T05:20,Halden,HR-2,MW300-4176,1800,3.77,56.1,4.28,
2026-03-16T07:10,Halden,HR-3,MW300-4176,1500,2.88,50.8,3.7,
2026-03-16T09:00,Halden,HR-1,MW300-4176,2100,4.03,58.1,4.87,
2026-03-16T10:50,Halden,HR-2,MW300-4176,1800,4.03,58.7,4.73,
2026-03-16T12:40,Halden,HR-3,MW300-4176,1500,2.74,53.3,3.93,
2026-03-16T14:30,Halden,HR-1,MW300-4176,1800,4.3,58.4,4.16,
2026-03-16T16:20,Halden,HR-2,MW300-4176,1800,3.75,55.0,4.38,
2026-03-16T18:10,Halden,HR-3,MW300-4176,1800,3.77,56.3,4.03,
2026-03-16T20:00,Halden,HR-1,MW300-4177,2100,3.4,58.5,4.89,
2026-03-16T21:50,Halden,HR-2,MW300-4177,2100,4.36,58.5,4.54,
2026-03-16T23:40,Halden,HR-3,MW300-4177,1200,3.13,50.6,3.71,
2026-03-17T01:30,Halden,HR-1,MW300-4177,1800,4.13,56.1,4.61,
2026-03-17T03:20,Halden,HR-2,MW300-4177,900,2.51,46.5,3.38,
2026-03-17T05:10,Halden,HR-3,MW300-4177,900,3.03,51.5,3.15,
2026-03-17T07:00,Halden,HR-1,MW300-4177,1800,4.17,53.6,4.01,
2026-03-17T08:50,Halden,HR-2,MW300-4177,900,2.89,45.8,3.16,
2026-03-17T10:40,Halden,HR-3,MW300-4177,1500,3.32,51.9,4.27,
2026-03-17T12:30,Halden,HR-1,MW300-4177,2100,3.32,59.3,4.4,
2026-03-17T14:20,Halden,HR-2,MW300-4177,1200,2.99,53.3,4.02,
2026-03-17T16:10,Halden,HR-3,MW300-4177,1800,4.19,54.5,4.02,
2026-03-17T18:00,Halden,HR-1,MW300-4178,2100,3.31,58.5,4.57,
2026-03-17T19:50,Halden,HR-2,MW300-4178,1500,2.94,52.9,3.86,
2026-03-17T21:40,Halden,HR-3,MW300-4178,1500,4.02,54.9,3.86,
2026-03-17T23:30,Halden,HR-1,MW300-4178,900,2.74,51.1,3.22,
2026-03-18T01:20,Halden,HR-2,MW300-4178,900,2.86,48.5,3.11,
2026-03-18T03:10,Halden,HR-3,MW300-4178,1800,3.15,55.5,4.37,
2026-03-18T05:00,Halden,HR-1,MW300-4178,1500,3.6,53.0,4.06,
2026-03-18T06:50,Halden,HR-2,MW300-4178,900,2.24,47.5,3.39,
2026-03-18T08:40,Halden,HR-3,MW300-4178,1800,4.39,57.1,4.08,
2026-03-18T10:30,Halden,HR-1,MW300-4178,1500,3.26,51.1,4.35,
2026-03-18T12:20,Halden,HR-2,MW300-4178,2100,3.72,57.5,4.52,
2026-03-18T14:10,Halden,HR-3,MW300-4178,1800,4.55,58.8,4.72,
2026-03-18T16:00,Halden,HR-1,MW300-4179,2100,4.62,60.8,4.71,
2026-03-18T17:50,Halden,HR-2,MW300-4179,1800,4.47,56.3,4.21,
2026-03-18T19:40,Halden,HR-3,MW300-4179,1200,2.46,49.5,3.6,
2026-03-18T21:30,Halden,HR-1,MW300-4179,1500,3.43,54.6,3.76,
2026-03-18T23:20,Halden,HR-2,MW300-4179,1500,3.87,51.9,3.97,
2026-03-19T01:10,Halden,HR-3,MW300-4179,1200,3.75,50.1,3.57,
2026-03-19T03:00,Halden,HR-1,MW300-4179,1200,2.54,48.0,3.37,
2026-03-19T04:50,Halden,HR-2,MW300-4179,2100,3.63,60.0,5.1,
2026-03-19T06:40,Halden,HR-3,MW300-4179,2100,4.53,60.1,4.36,
2026-03-19T08:30,Halden,HR-1,MW300-4179,1500,3.96,56.4,4.1,
2026-03-19T10:20,Halden,HR-2,MW300-4179,1500,3.64,50.6,3.8,
2026-03-19T12:10,Halden,HR-3,MW300-4179,1500,2.78,54.4,3.9,
2026-03-19T14:00,Halden,HR-1,MW300-4180,2100,3.59,61.0,4.92,
2026-03-19T15:50,Halden,HR-2,MW300-4180,2100,4.27,59.9,5.09,
2026-03-19T17:40,Halden,HR-3,MW300-4180,1800,3.37,53.4,4.02,
2026-03-19T19:30,Halden,HR-1,MW300-4180,1800,3.44,58.4,4.53,
2026-03-19T21:20,Halden,HR-2,MW300-4180,2100,4.73,59.2,4.37,
2026-03-19T23:10,Halden,HR-3,MW300-4180,1500,3.39,53.2,4.07,
2026-03-20T01:00,Halden,HR-1,MW300-4180,1500,4.0,52.3,4.25,
2026-03-20T02:50,Halden,HR-2,MW300-4180,1500,3.04,54.4,3.88,
2026-03-20T04:40,Halden,HR-3,MW300-4180,1200,3.16,53.8,4.12,
2026-03-20T06:30,Halden,HR-1,MW300-4180,1200,2.79,51.7,3.48,
2026-03-20T08:20,Halden,HR-2,MW300-4180,1800,3.2,53.6,4.79,
2026-03-20T10:10,Halden,HR-3,MW300-4180,1500,3.44,53.1,3.69,
2026-03-20T12:00,Halden,HR-1,MW300-4181,1500,3.89,52.8,4.1,guard
2026-03-20T13:50,Halden,HR-2,MW300-4181,900,3.53,48.9,3.18,
2026-03-20T15:40,Halden,HR-3,MW300-4181,1500,3.89,53.6,4.06,
2026-03-20T17:30,Halden,HR-1,MW300-4181,2100,3.44,60.2,4.71,
2026-03-20T19:20,Halden,HR-2,MW300-4181,1200,3.97,52.3,3.83,
2026-03-20T21:10,Halden,HR-3,MW300-4181,1200,3.64,53.1,3.64,
2026-03-20T23:00,Halden,HR-1,MW300-4181,1800,3.61,55.2,4.17,
2026-03-21T00:50,Halden,HR-2,MW300-4181,1500,2.77,54.5,3.94,
2026-03-21T02:40,Halden,HR-3,MW300-4181,1800,4.07,57.1,4.54,
2026-03-21T04:30,Halden,HR-1,MW300-4181,2100,4.82,59.0,4.88,
2026-03-21T06:20,Halden,HR-2,MW300-4181,900,2.26,48.7,3.57,
2026-03-21T08:10,Halden,HR-3,MW300-4181,900,2.67,51.0,3.29,
2026-03-21T10:00,Halden,HR-1,MW300-4182,1800,4.01,54.6,4.6,
2026-03-21T11:50,Halden,HR-2,MW300-4182,1800,4.09,58.7,4.58,
2026-03-21T13:40,Halden,HR-3,MW300-4182,1500,3.67,52.5,4.35,
2026-03-21T15:30,Halden,HR-1,MW300-4182,2100,3.87,61.4,4.54,
2026-03-21T17:20,Halden,HR-2,MW300-4182,1200,2.49,49.2,3.91,
2026-03-21T19:10,Halden,HR-3,MW300-4182,1200,3.46,53.8,3.46,
2026-03-21T21:00,Halden,HR-1,MW300-4182,2100,4.82,56.6,4.91,
2026-03-21T22:50,Halden,HR-2,MW300-4182,2100,4.02,57.7,4.81,
2026-03-22T00:40,Halden,HR-3,MW300-4182,1800,3.96,53.7,4.11,
2026-03-22T02:30,Halden,HR-1,MW300-4182,1200,2.6,48.2,4.05,
2026-03-22T04:20,Halden,HR-2,MW300-4182,1800,3.57,55.3,4.21,
2026-03-22T06:10,Halden,HR-3,MW300-4182,1500,3.61,56.4,4.18,
2026-03-22T08:00,Halden,HR-1,MW300-4183,1800,3.97,54.9,4.44,
2026-03-22T09:50,Halden,HR-2,MW300-4183,1800,4.35,55.6,4.44,
2026-03-22T11:40,Halden,HR-3,MW300-4183,1200,3.77,52.2,3.56,
2026-03-22T13:30,Halden,HR-1,MW300-4183,1800,3.17,53.3,4.07,
2026-03-22T15:20,Halden,HR-2,MW300-4183,2100,4.56,56.9,4.43,
2026-03-22T17:10,Halden,HR-3,MW300-4183,900,2.59,50.3,3.2,
2026-03-22T19:00,Halden,HR-1,MW300-4183,1800,3.2,58.5,4.31,
2026-03-22T20:50,Halden,HR-2,MW300-4183,1800,4.09,53.5,4.17,
2026-03-22T22:40,Halden,HR-3,MW300-4183,1200,3.15,49.7,3.55,
2026-03-23T00:30,Halden,HR-1,MW300-4183,1500,3.48,55.9,4.22,
2026-03-23T02:20,Halden,HR-2,MW300-4183,1500,3.34,55.1,4.15,
2026-03-23T04:10,Halden,HR-3,MW300-4183,900,2.93,49.5,3.17,
2026-03-23T06:00,Halden,HR-1,MW300-4184,2100,4.86,55.9,4.37,
2026-03-23T07:50,Halden,HR-2,MW300-4184,900,2.81,46.2,3.52,
2026-03-23T09:40,Halden,HR-3,MW300-4184,1800,4.29,55.2,4.04,
2026-03-23T11:30,Halden,HR-1,MW300-4184,2100,3.6,60.3,4.85,
2026-03-23T13:20,Halden,HR-2,MW300-4184,1500,3.63,54.4,4.31,
2026-03-23T15:10,Halden,HR-3,MW300-4184,900,3.23,46.0,3.13,
2026-03-23T17:00,Halden,HR-1,MW300-4184,2100,4.69,57.0,4.77,
2026-03-23T18:50,Halden,HR-2,MW300-4184,900,2.91,47.5,3.31,
2026-03-23T20:40,Halden,HR-3,MW300-4184,2100,4.3,59.4,4.96,
2026-03-23T22:30,Halden,HR-1,MW300-4184,900,3.53,46.6,3.09,
2026-03-24T00:20,Halden,HR-2,MW300-4184,2100,4.09,59.4,4.55,
2026-03-24T02:10,Halden,HR-3,MW300-4184,1200,3.55,49.9,3.63,
2026-03-24T04:00,Halden,HR-1,MW300-4185,1500,3.6,55.4,3.91,
2026-03-24T05:50,Halden,HR-2,MW300-4185,1200,3.7,50.0,3.56,
2026-03-24T07:40,Halden,HR-3,MW300-4185,2100,3.96,56.3,4.63,
2026-03-24T09:30,Halden,HR-1,MW300-4185,1800,3.37,53.7,4.68,
2026-03-24T11:20,Halden,HR-2,MW300-4185,1500,3.08,51.9,4.09,
2026-03-24T13:10,Halden,HR-3,MW300-4185,2100,4.23,58.1,4.46,
2026-03-24T15:00,Halden,HR-1,MW300-4185,1200,3.41,48.7,4.06,
2026-03-24T16:50,Halden,HR-2,MW300-4185,900,2.68,48.0,3.45,
2026-03-24T18:40,Halden,HR-3,MW300-4185,2100,4.82,59.6,4.91,
2026-03-24T20:30,Halden,HR-1,MW300-4185,1200,3.26,51.4,4.1,
2026-03-24T22:20,Halden,HR-2,MW300-4185,900,2.41,47.2,3.62,
2026-03-25T00:10,Halden,HR-3,MW300-4185,1800,4.02,54.7,4.29,
2026-03-25T02:00,Halden,HR-1,MW300-4186,900,2.77,47.6,3.66,
2026-03-25T03:50,Halden,HR-2,MW300-4186,1200,2.93,48.0,3.83,
2026-03-25T05:40,Halden,HR-3,MW300-4186,1500,2.71,52.4,4.27,
2026-03-25T07:30,Halden,HR-1,MW300-4186,1500,3.13,50.7,3.92,
2026-03-25T09:20,Halden,HR-2,MW300-4186,1800,4.24,57.6,4.19,
2026-03-25T11:10,Halden,HR-3,MW300-4186,2100,4.7,59.6,4.51,
2026-03-25T13:00,Halden,HR-1,MW300-4186,900,2.66,47.4,3.38,
2026-03-25T14:50,Halden,HR-2,MW300-4186,1200,3.66,49.3,3.5,
2026-03-25T16:40,Halden,HR-3,MW300-4186,1500,3.33,51.1,3.71,
2026-03-25T18:30,Halden,HR-1,MW300-4186,900,3.06,47.6,3.14,
2026-03-25T20:20,Halden,HR-2,MW300-4186,900,2.84,51.1,3.75,
2026-03-25T22:10,Halden,HR-3,MW300-4186,2100,3.72,58.2,4.9,
2026-03-26T00:00,Halden,HR-1,MW300-4187,1500,3.47,56.3,4.36,
2026-03-26T01:50,Halden,HR-2,MW300-4187,1800,3.37,57.3,4.03,
2026-03-26T03:40,Halden,HR-3,MW300-4187,900,2.78,46.3,3.42,
2026-03-26T05:30,Halden,HR-1,MW300-4187,900,2.65,48.8,3.05,
2026-03-26T07:20,Halden,HR-2,MW300-4187,1500,3.78,53.4,4.46,
2026-03-26T09:10,Halden,HR-3,MW300-4187,1500,2.83,51.8,4.25,
2026-03-26T11:00,Halden,HR-1,MW300-4187,1800,4.16,54.5,4.65,
2026-03-26T12:50,Halden,HR-2,MW300-4187,1200,3.86,51.1,3.84,
2026-03-26T14:40,Halden,HR-3,MW300-4187,1200,3.19,51.3,4.09,
2026-03-26T16:30,Halden,HR-1,MW300-4187,900,2.37,46.3,3.54,
2026-03-26T18:20,Halden,HR-2,MW300-4187,900,2.52,50.6,3.5,
2026-03-26T20:10,Halden,HR-3,MW300-4187,2100,4.89,58.2,4.91,
2026-03-26T22:00,Halden,HR-1,MW300-4188,2100,3.34,58.2,4.64,
2026-03-26T23:50,Halden,HR-2,MW300-4188,1800,3.04,53.0,4.63,
2026-03-27T01:40,Halden,HR-3,MW300-4188,1800,4.5,53.6,4.52,
2026-03-27T03:30,Halden,HR-1,MW300-4188,1500,4.05,51.2,4.28,
2026-03-27T05:20,Halden,HR-2,MW300-4188,900,3.11,50.0,3.19,
2026-03-27T07:10,Halden,HR-3,MW300-4188,2100,4.01,56.6,4.5,
2026-03-27T09:00,Halden,HR-1,MW300-4188,1500,4.18,51.5,3.85,
2026-03-27T10:50,Halden,HR-2,MW300-4188,1500,4.23,52.9,3.77,
2026-03-27T12:40,Halden,HR-3,MW300-4188,1800,4.04,53.6,4.7,
2026-03-27T14:30,Halden,HR-1,MW300-4188,900,2.56,49.3,3.68,
2026-03-27T16:20,Halden,HR-2,MW300-4188,1500,4.23,54.0,4.33,
2026-03-27T18:10,Halden,HR-3,MW300-4188,900,2.17,46.0,3.64,
2026-03-27T20:00,Halden,HR-1,MW300-4189,900,2.95,48.4,3.63,
2026-03-27T21:50,Halden,HR-2,MW300-4189,1200,3.04,49.8,3.87,
2026-03-27T23:40,Halden,HR-3,MW300-4189,900,3.26,49.6,3.45,
2026-03-28T01:30,Halden,HR-1,MW300-4189,1200,3.86,50.1,3.67,
2026-03-28T03:20,Halden,HR-2,MW300-4189,1500,4.17,52.8,4.09,
2026-03-28T05:10,Halden,HR-3,MW300-4189,900,2.51,47.2,3.76,
2026-03-28T07:00,Halden,HR-1,MW300-4189,1200,3.9,51.6,4.01,
2026-03-28T08:50,Halden,HR-2,MW300-4189,1200,3.05,50.9,4.1,
2026-03-28T10:40,Halden,HR-3,MW300-4189,900,2.15,48.9,3.36,
2026-03-28T12:30,Halden,HR-1,MW300-4189,2100,3.93,58.5,5.12,
2026-03-28T14:20,Halden,HR-2,MW300-4189,1500,4.18,55.0,3.94,
2026-03-28T16:10,Halden,HR-3,MW300-4189,1800,3.09,55.7,4.22,
2026-03-28T18:00,Halden,HR-1,MW300-4190,1500,3.66,54.1,4.42,
2026-03-28T19:50,Halden,HR-2,MW300-4190,1200,2.94,48.8,3.95,
2026-03-28T21:40,Halden,HR-3,MW300-4190,1200,3.53,53.9,3.64,
2026-03-28T23:30,Halden,HR-1,MW300-4190,1500,3.05,54.2,4.22,
2026-03-29T01:20,Halden,HR-2,MW300-4190,1800,3.1,56.4,4.28,
2026-03-29T03:10,Halden,HR-3,MW300-4190,1500,3.67,51.2,4.32,
2026-03-29T05:00,Halden,HR-1,MW300-4190,1200,3.61,52.7,3.99,
2026-03-29T06:50,Halden,HR-2,MW300-4190,900,3.64,50.7,3.29,
2026-03-29T08:40,Halden,HR-3,MW300-4190,1800,3.94,58.7,4.64,
2026-03-29T10:30,Halden,HR-1,MW300-4190,1500,3.02,54.2,4.02,
2026-03-29T12:20,Halden,HR-2,MW300-4190,1200,3.38,53.3,3.76,
2026-03-29T14:10,Halden,HR-3,MW300-4190,1500,3.47,51.5,3.82,guard
2026-03-29T16:00,Halden,HR-1,MW300-4191,1200,3.04,52.7,3.55,
2026-03-29T17:50,Halden,HR-2,MW300-4191,900,3.35,48.1,3.18,
2026-03-29T19:40,Halden,HR-3,MW300-4191,2100,4.41,60.9,4.91,
2026-03-29T21:30,Halden,HR-1,MW300-4191,1500,3.88,51.5,3.69,
2026-03-29T23:20,Halden,HR-2,MW300-4191,1800,3.79,53.5,4.01,
2026-03-30T01:10,Halden,HR-3,MW300-4191,1800,3.73,56.9,4.66,
2026-03-30T03:00,Halden,HR-1,MW300-4191,900,2.96,47.7,3.61,
2026-03-30T04:50,Halden,HR-2,MW300-4191,1200,3.76,49.4,3.73,
2026-03-30T06:40,Halden,HR-3,MW300-4191,1800,3.58,53.7,4.25,
2026-03-30T08:30,Halden,HR-1,MW300-4191,2100,4.5,57.5,5.03,
2026-03-30T10:20,Halden,HR-2,MW300-4191,1500,2.73,50.9,3.88,
2026-03-30T12:10,Halden,HR-3,MW300-4191,1500,3.6,55.4,3.68,guard
2026-03-30T14:00,Halden,HR-1,MW300-4192,2100,3.99,60.6,4.37,
2026-03-30T15:50,Halden,HR-2,MW300-4192,1200,2.85,48.9,3.55,
2026-03-30T17:40,Halden,HR-3,MW300-4192,1800,3.91,54.3,4.72,
2026-03-30T19:30,Halden,HR-1,MW300-4192,1200,3.82,50.7,3.8,
2026-03-30T21:20,Halden,HR-2,MW300-4192,2100,3.81,60.4,4.74,
2026-03-30T23:10,Halden,HR-3,MW300-4192,1800,3.14,58.8,4.74,
2026-03-31T01:00,Halden,HR-1,MW300-4192,900,2.11,47.6,3.7,
2026-03-31T02:50,Halden,HR-2,MW300-4192,900,3.05,50.1,3.68,
2026-03-31T04:40,Halden,HR-3,MW300-4192,900,3.05,50.8,3.65,
2026-03-31T06:30,Halden,HR-1,MW300-4192,900,2.59,48.3,3.19,
2026-03-31T08:20,Halden,HR-2,MW300-4192,1800,4.33,53.3,4.07,
2026-03-31T10:10,Halden,HR-3,MW300-4192,2100,4.4,60.9,5.05,
2026-03-31T12:00,Halden,HR-1,MW300-4193,2100,3.89,61.2,4.98,
2026-03-31T13:50,Halden,HR-2,MW300-4193,1200,3.46,51.3,3.64,
2026-03-31T15:40,Halden,HR-3,MW300-4193,1800,3.82,55.8,4.36,
2026-03-31T17:30,Halden,HR-1,MW300-4193,900,2.51,47.8,3.1,
2026-03-31T19:20,Halden,HR-2,MW300-4193,1200,3.78,49.9,4.05,
2026-03-31T21:10,Halden,HR-3,MW300-4193,900,2.77,51.3,3.58,
2026-03-31T23:00,Halden,HR-1,MW300-4193,1500,3.2,51.7,3.95,
2026-04-01T00:50,Halden,HR-2,MW300-4193,1500,3.61,55.9,4.28,
2026-04-01T02:40,Halden,HR-3,MW300-4193,1200,3.63,50.5,3.44,
2026-04-01T04:30,Halden,HR-1,MW300-4193,1800,4.59,57.0,4.3,
2026-04-01T06:20,Halden,HR-2,MW300-4193,1800,3.03,54.5,4.51,
2026-04-01T08:10,Halden,HR-3,MW300-4193,1200,3.79,48.8,3.6,
2026-04-01T10:00,Halden,HR-1,MW300-4194,1200,3.77,51.0,3.77,
2026-04-01T11:50,Halden,HR-2,MW300-4194,1800,3.32,55.6,4.8,
2026-04-01T13:40,Halden,HR-3,MW300-4194,2100,4.49,59.7,4.74,
2026-04-01T15:30,Halden,HR-1,MW300-4194,900,2.81,47.0,3.34,
2026-04-01T17:20,Halden,HR-2,MW300-4194,1500,2.98,55.9,4.17,
2026-04-01T19:10,Halden,HR-3,MW300-4194,1200,3.16,48.4,4.02,
2026-04-01T21:00,Halden,HR-1,MW300-4194,900,3.68,49.8,3.72,
2026-04-01T22:50,Halden,HR-2,MW300-4194,2100,3.67,57.2,4.61,
2026-04-02T00:40,Halden,HR-3,MW300-4194,1800,3.68,56.7,4.41,
2026-04-02T02:30,Halden,HR-1,MW300-4194,900,2.9,45.9,3.25,
2026-04-02T04:20,Halden,HR-2,MW300-4194,900,3.4,48.6,3.48,
2026-04-02T06:10,Halden,HR-3,MW300-4194,1200,3.04,50.6,3.43,
2026-04-02T08:00,Halden,HR-1,MW300-4195,1800,3.44,56.3,4.2,
2026-04-02T09:50,Halden,HR-2,MW300-4195,900,2.37,45.6,3.73,
2026-04-02T11:40,Halden,HR-3,MW300-4195,1200,3.24,48.8,4.02,
2026-04-02T13:30,Halden,HR-1,MW300-4195,1500,4.08,54.2,4.38,
2026-04-02T15:20,Halden,HR-2,MW300-4195,1200,3.09,48.7,3.51,
2026-04-02T17:10,Halden,HR-3,MW300-4195,1800,3.11,53.8,4.73,
2026-04-02T19:00,Halden,HR-1,MW300-4195,900,2.81,47.8,3.71,
2026-04-02T20:50,Halden,HR-2,MW300-4195,900,3.03,50.5,3.18,
2026-04-02T22:40,Halden,HR-3,MW300-4195,2100,3.99,57.2,4.35,
2026-04-03T00:30,Halden,HR-1,MW300-4195,1500,3.81,51.7,4.39,
2026-04-03T02:20,Halden,HR-2,MW300-4195,900,2.3,49.8,3.37,
2026-04-03T04:10,Halden,HR-3,MW300-4195,900,3.4,50.0,3.46,
2026-04-03T06:00,Halden,HR-1,MW300-4196,1500,3.47,53.2,4.16,
2026-04-03T07:50,Halden,HR-2,MW300-4196,1800,4.27,57.8,4.7,
2026-04-03T09:40,Halden,HR-3,MW300-4196,1500,3.23,51.6,3.92,
2026-04-03T11:30,Halden,HR-1,MW300-4196,900,3.15,45.9,3.25,
2026-04-03T13:20,Halden,HR-2,MW300-4196,1500,3.26,50.6,4.15,
2026-04-03T15:10,Halden,HR-3,MW300-4196,900,2.91,45.8,3.06,
2026-04-03T17:00,Halden,HR-1,MW300-4196,1800,4.51,54.4,4.66,
2026-04-03T18:50,Halden,HR-2,MW300-4196,1500,2.9,52.9,4.26,
2026-04-03T20:40,Halden,HR-3,MW300-4196,2100,4.59,59.2,4.47,
2026-04-03T22:30,Halden,HR-1,MW300-4196,900,2.87,49.6,3.56,
2026-04-04T00:20,Halden,HR-2,MW300-4196,1200,2.99,50.3,4.13,
2026-04-04T02:10,Halden,HR-3,MW300-4196,2100,4.25,58.0,4.78,
2026-04-04T04:00,Halden,HR-1,MW300-4197,1500,3.87,56.1,4.31,
2026-04-04T05:50,Halden,HR-2,MW300-4197,1200,2.69,50.7,3.56,
2026-04-04T07:40,Halden,HR-3,MW300-4197,1800,4.49,56.8,4.16,
2026-04-04T09:30,Halden,HR-1,MW300-4197,1500,3.12,53.0,3.77,
2026-04-04T11:20,Halden,HR-2,MW300-4197,1500,4.2,53.3,4.46,
2026-04-04T13:10,Halden,HR-3,MW300-4197,2100,3.79,59.6,4.5,
2026-04-04T15:00,Halden,HR-1,MW300-4197,900,2.67,48.7,3.78,
2026-04-04T16:50,Halden,HR-2,MW300-4197,2100,4.53,60.2,5.09,
2026-04-04T18:40,Halden,HR-3,MW300-4197,1800,3.67,54.4,4.34,
2026-04-04T20:30,Halden,HR-1,MW300-4197,1500,3.94,55.3,4.13,
2026-04-04T22:20,Halden,HR-2,MW300-4197,900,2.87,47.3,3.38,
2026-04-05T00:10,Halden,HR-3,MW300-4197,900,3.43,46.8,3.02,
2026-04-05T02:00,Halden,HR-1,MW300-4198,900,3.17,50.2,3.78,
2026-04-05T03:50,Halden,HR-2,MW300-4198,900,3.42,48.0,3.51,
2026-04-05T05:40,Halden,HR-3,MW300-4198,1800,4.11,58.3,4.61,
2026-04-05T07:30,Halden,HR-1,MW300-4198,1500,3.87,55.4,3.69,
2026-04-05T09:20,Halden,HR-2,MW300-4198,2100,3.85,60.6,4.37,
2026-04-05T11:10,Halden,HR-3,MW300-4198,1500,3.27,54.2,3.68,
2026-04-05T13:00,Halden,HR-1,MW300-4198,1500,2.93,52.6,3.89,
2026-04-05T14:50,Halden,HR-2,MW300-4198,1500,4.12,51.8,4.29,
2026-04-05T16:40,Halden,HR-3,MW300-4198,1800,4.55,58.8,4.55,
2026-04-05T18:30,Halden,HR-1,MW300-4198,1500,3.81,54.1,3.95,
2026-04-05T20:20,Halden,HR-2,MW300-4198,1200,3.96,53.0,3.35,
2026-04-05T22:10,Halden,HR-3,MW300-4198,1500,3.96,52.7,4.23,
2026-04-06T00:00,Halden,HR-1,MW300-4199,900,2.97,45.7,3.24,
2026-04-06T01:50,Halden,HR-2,MW300-4199,900,2.33,48.2,3.01,
2026-04-06T03:40,Halden,HR-3,MW300-4199,1800,3.3,55.0,4.38,
2026-04-06T05:30,Halden,HR-1,MW300-4199,900,3.31,47.8,3.64,
2026-04-06T07:20,Halden,HR-2,MW300-4199,1200,2.8,51.1,3.63,
2026-04-06T09:10,Halden,HR-3,MW300-4199,1200,3.76,52.9,3.88,
2026-04-06T11:00,Halden,HR-1,MW300-4199,900,2.36,45.5,3.4,
2026-04-06T12:50,Halden,HR-2,MW300-4199,1500,4.08,56.1,3.74,
2026-04-06T14:40,Halden,HR-3,MW300-4199,1800,3.91,53.6,4.46,
2026-04-06T16:30,Halden,HR-1,MW300-4199,1800,3.98,53.7,4.6,
2026-04-06T18:20,Halden,HR-2,MW300-4199,1500,2.71,55.4,4.47,
2026-04-06T20:10,Halden,HR-3,MW300-4199,900,3.11,50.4,3.17,
2026-04-06T22:00,Halden,HR-1,MW300-4200,1200,3.65,51.2,3.64,
2026-04-06T23:50,Halden,HR-2,MW300-4200,900,3.62,49.9,3.49,
2026-04-07T01:40,Halden,HR-3,MW300-4200,1800,3.43,57.3,4.17,
2026-04-07T03:30,Halden,HR-1,MW300-4200,1200,3.26,49.4,3.95,
2026-04-07T05:20,Halden,HR-2,MW300-4200,1200,3.58,48.9,3.36,
2026-04-07T07:10,Halden,HR-3,MW300-4200,1800,3.7,55.2,4.12,
2026-04-07T09:00,Halden,HR-1,MW300-4200,1200,2.58,50.7,3.61,
2026-04-07T10:50,Halden,HR-2,MW300-4200,1200,2.82,51.9,3.77,
2026-04-07T12:40,Halden,HR-3,MW300-4200,2100,3.86,59.0,4.6,
2026-04-07T14:30,Halden,HR-1,MW300-4200,2100,3.58,60.1,4.39,
2026-04-07T16:20,Halden,HR-2,MW300-4200,2100,4.68,59.5,4.99,
2026-04-07T18:10,Halden,HR-3,MW300-4200,1500,2.95,52.6,4.23,
2026-04-07T20:00,Halden,HR-1,MW300-4201,1200,3.44,53.1,3.82,
2026-04-07T21:50,Halden,HR-2,MW300-4201,1500,4.26,50.7,3.73,
2026-04-07T23:40,Halden,HR-3,MW300-4201,900,2.79,45.7,3.26,
2026-04-08T01:30,Halden,HR-1,MW300-4201,1500,3.95,52.6,4.12,
2026-04-08T03:20,Halden,HR-2,MW300-4201,1500,3.79,53.0,4.37,
2026-04-08T05:10,Halden,HR-3,MW300-4201,1500,3.65,53.5,4.3,
2026-04-08T07:00,Halden,HR-1,MW300-4201,1500,2.75,51.9,4.34,
2026-04-08T08:50,Halden,HR-2,MW300-4201,900,3.17,49.8,3.56,
2026-04-08T10:40,Halden,HR-3,MW300-4201,1500,4.01,51.7,4.43,
2026-04-08T12:30,Halden,HR-1,MW300-4201,2100,4.0,60.5,4.33,
2026-04-08T14:20,Halden,HR-2,MW300-4201,900,3.13,48.0,3.19,
2026-04-08T16:10,Halden,HR-3,MW300-4201,2100,3.5,60.0,4.6,
2026-04-08T18:00,Halden,HR-1,MW300-4202,900,3.65,48.5,3.61,
2026-04-08T19:50,Halden,HR-2,MW300-4202,1800,3.99,58.6,4.45,
2026-04-08T21:40,Halden,HR-3,MW300-4202,1500,3.24,54.6,4.25,
2026-04-08T23:30,Halden,HR-1,MW300-4202,1500,3.58,53.0,3.97,
2026-04-09T01:20,Halden,HR-2,MW300-4202,1200,2.73,51.9,4.03,
2026-04-09T03:10,Halden,HR-3,MW300-4202,1500,2.82,56.2,4.18,
2026-04-09T05:00,Halden,HR-1,MW300-4202,1200,2.64,48.9,3.74,
2026-04-09T06:50,Halden,HR-2,MW300-4202,2100,3.77,58.9,4.74,
2026-04-09T08:40,Halden,HR-3,MW300-4202,900,3.59,49.6,3.37,
2026-04-09T10:30,Halden,HR-1,MW300-4202,1500,3.96,53.5,4.03,
2026-04-09T12:20,Halden,HR-2,MW300-4202,1200,3.22,48.6,4.02,
2026-04-09T14:10,Halden,HR-3,MW300-4202,1500,4.2,52.7,4.05,
2026-04-09T16:00,Halden,HR-1,MW300-4203,1500,2.73,53.6,3.81,
2026-04-09T17:50,Halden,HR-2,MW300-4203,900,3.28,49.7,3.18,
2026-04-09T19:40,Halden,HR-3,MW300-4203,2100,3.67,60.7,4.91,
2026-04-09T21:30,Halden,HR-1,MW300-4203,1200,3.68,48.4,3.78,
2026-04-09T23:20,Halden,HR-2,MW300-4203,1800,3.11,58.3,4.58,
2026-04-10T01:10,Halden,HR-3,MW300-4203,1200,2.68,49.4,3.71,
2026-04-10T03:00,Halden,HR-1,MW300-4203,1800,3.23,58.4,4.68,
2026-04-10T04:50,Halden,HR-2,MW300-4203,1200,3.83,48.9,4.03,
2026-04-10T06:40,Halden,HR-3,MW300-4203,1200,3.23,49.4,3.62,
2026-04-10T08:30,Halden,HR-1,MW300-4203,900,2.87,46.6,3.25,
2026-04-10T10:20,Halden,HR-2,MW300-4203,1500,3.63,56.1,3.84,
2026-04-10T12:10,Halden,HR-3,MW300-4203,2100,3.34,60.9,4.66,
2026-04-10T14:00,Halden,HR-1,MW300-4204,1500,2.71,52.9,4.01,
2026-04-10T15:50,Halden,HR-2,MW300-4204,1200,3.57,52.0,3.97,
2026-04-10T17:40,Halden,HR-3,MW300-4204,1800,3.21,56.3,4.78,
2026-04-10T19:30,Halden,HR-1,MW300-4204,2100,3.43,60.7,4.72,
2026-04-10T21:20,Halden,HR-2,MW300-4204,900,3.52,46.1,3.46,
2026-04-10T23:10,Halden,HR-3,MW300-4204,2100,3.93,61.3,4.75,
2026-04-11T01:00,Halden,HR-1,MW300-4204,900,2.99,47.1,3.71,
2026-04-11T02:50,Halden,HR-2,MW300-4204,1200,3.14,48.9,3.79,
2026-04-11T04:40,Halden,HR-3,MW300-4204,2100,3.85,59.5,4.38,
2026-04-11T06:30,Halden,HR-1,MW300-4204,900,3.55,48.8,3.6,
2026-04-11T08:20,Halden,HR-2,MW300-4204,900,3.55,49.5,3.16,
2026-04-11T10:10,Halden,HR-3,MW300-4204,1800,4.17,56.3,4.47,
2026-04-11T12:00,Halden,HR-1,MW300-4205,2100,4.11,60.9,4.57,
2026-04-11T13:50,Halden,HR-2,MW300-4205,1500,3.46,51.4,4.04,
2026-04-11T15:40,Halden,HR-3,MW300-4205,1500,4.26,55.0,4.27,
2026-04-11T17:30,Halden,HR-1,MW300-4205,2100,4.65,57.3,4.72,
2026-04-11T19:20,Halden,HR-2,MW300-4205,2100,4.76,56.1,4.4,
2026-04-11T21:10,Halden,HR-3,MW300-4205,1800,3.91,55.3,4.23,
2026-04-11T23:00,Halden,HR-1,MW300-4205,1500,3.36,53.3,4.3,
2026-04-12T00:50,Halden,HR-2,MW300-4205,1200,2.82,53.3,3.95,
2026-04-12T02:40,Halden,HR-3,MW300-4205,1500,2.95,55.2,3.74,
2026-04-12T04:30,Halden,HR-1,MW300-4205,1200,3.15,50.1,3.49,
2026-04-12T06:20,Halden,HR-2,MW300-4205,1800,4.35,58.6,4.55,
2026-04-12T08:10,Halden,HR-3,MW300-4205,900,2.4,51.4,3.22,
2026-04-12T10:00,Halden,HR-1,MW300-4206,900,2.65,45.6,3.62,
2026-04-12T11:50,Halden,HR-2,MW300-4206,1800,3.78,57.4,4.43,
2026-04-12T13:40,Halden,HR-3,MW300-4206,900,2.43,51.4,3.47,
2026-04-12T15:30,Halden,HR-1,MW300-4206,900,2.66,48.8,3.06,
2026-04-12T17:20,Halden,HR-2,MW300-4206,900,2.47,47.7,3.21,
2026-04-12T19:10,Halden,HR-3,MW300-4206,1200,3.59,50.7,3.68,
2026-04-12T21:00,Halden,HR-1,MW300-4206,900,3.47,49.5,3.11,
2026-04-12T22:50,Halden,HR-2,MW300-4206,900,2.27,48.9,3.49,
2026-04-13T00:40,Halden,HR-3,MW300-4206,2100,3.35,60.0,4.35,
2026-04-13T02:30,Halden,HR-1,MW300-4206,900,3.04,47.6,3.35,
2026-04-13T04:20,Halden,HR-2,MW300-4206,2100,3.39,57.1,4.97,
2026-04-13T06:10,Halden,HR-3,MW300-4206,2100,4.01,59.5,5.13,
2026-04-13T08:00,Halden,HR-1,MW300-4207,2100,4.63,56.4,4.97,
2026-04-13T09:50,Halden,HR-2,MW300-4207,2100,4.05,55.9,4.43,
2026-04-13T11:40,Halden,HR-3,MW300-4207,1200,3.95,48.3,3.57,
2026-04-13T13:30,Halden,HR-1,MW300-4207,1200,3.48,49.7,3.46,
2026-04-13T15:20,Halden,HR-2,MW300-4207,1500,2.98,53.0,4.09,
2026-04-13T17:10,Halden,HR-3,MW300-4207,1800,4.31,53.6,4.37,
2026-04-13T19:00,Halden,HR-1,MW300-4207,1800,3.57,58.2,4.27,
2026-04-13T20:50,Halden,HR-2,MW300-4207,900,2.29,50.4,3.22,
2026-04-13T22:40,Halden,HR-3,MW300-4207,900,2.26,48.0,3.72,
2026-04-14T00:30,Halden,HR-1,MW300-4207,2100,4.43,59.9,4.4,
2026-04-14T02:20,Halden,HR-2,MW300-4207,1800,3.25,56.1,4.39,
2026-04-14T04:10,Halden,HR-3,MW300-4207,900,2.64,46.1,3.51,
2026-04-14T06:00,Halden,HR-1,MW300-4208,2100,3.96,56.7,4.83,
2026-04-14T07:50,Halden,HR-2,MW300-4208,900,2.64,47.6,3.56,
2026-04-14T09:40,Halden,HR-3,MW300-4208,900,3.27,51.1,3.36,
2026-04-14T11:30,Halden,HR-1,MW300-4208,2100,3.7,56.1,4.72,
2026-04-14T13:20,Halden,HR-2,MW300-4208,900,3.23,50.5,3.11,
2026-04-14T15:10,Halden,HR-3,MW300-4208,2100,4.62,59.7,5.04,
2026-04-14T17:00,Halden,HR-1,MW300-4208,1200,3.62,49.6,3.84,
2026-04-14T18:50,Halden,HR-2,MW300-4208,1200,3.64,53.7,3.91,
2026-04-14T20:40,Halden,HR-3,MW300-4208,1800,3.69,57.1,4.51,
2026-04-14T22:30,Halden,HR-1,MW300-4208,1200,2.54,49.1,3.34,
2026-04-15T00:20,Halden,HR-2,MW300-4208,1200,2.52,49.6,4.11,
2026-04-15T02:10,Halden,HR-3,MW300-4208,1800,3.5,53.5,4.58,
2026-04-15T04:00,Halden,HR-1,MW300-4209,1200,3.81,53.3,3.44,
2026-04-15T05:50,Halden,HR-2,MW300-4209,1500,3.68,53.6,4.05,
2026-04-15T07:40,Halden,HR-3,MW300-4209,1800,3.9,56.4,4.72,guard
2026-04-15T09:30,Halden,HR-1,MW300-4209,900,3.12,47.8,3.0,
2026-04-15T11:20,Halden,HR-2,MW300-4209,2100,3.35,57.9,4.84,
2026-04-15T13:10,Halden,HR-3,MW300-4209,2100,4.16,60.4,5.05,
2026-04-15T15:00,Halden,HR-1,MW300-4209,1800,3.01,53.3,4.28,
2026-04-15T16:50,Halden,HR-2,MW300-4209,1200,3.69,49.8,3.8,
2026-04-15T18:40,Halden,HR-3,MW300-4209,900,3.26,48.0,3.23,
2026-04-15T20:30,Halden,HR-1,MW300-4209,1800,4.54,53.4,4.52,
2026-04-15T22:20,Halden,HR-2,MW300-4209,1500,3.49,54.7,3.99,
2026-04-16T00:10,Halden,HR-3,MW300-4209,1200,2.65,52.1,3.97,
2026-04-16T02:00,Halden,HR-1,MW300-4210,1500,3.93,56.3,4.19,
2026-04-16T03:50,Halden,HR-2,MW300-4210,1800,4.09,57.7,4.56,
2026-04-16T05:40,Halden,HR-3,MW300-4210,1800,3.55,54.9,4.68,
2026-04-16T07:30,Halden,HR-1,MW300-4210,1800,4.21,54.1,4.7,
2026-04-16T09:20,Halden,HR-2,MW300-4210,1500,4.05,52.0,4.13,
2026-04-16T11:10,Halden,HR-3,MW300-4210,1500,4.06,54.5,3.82,guard
2026-04-16T13:00,Halden,HR-1,MW300-4210,1500,3.04,52.4,4.19,
2026-04-16T14:50,Halden,HR-2,MW300-4210,1800,4.47,53.1,4.16,
2026-04-16T16:40,Halden,HR-3,MW300-4210,2100,4.47,61.1,5.08,
2026-04-16T18:30,Halden,HR-1,MW300-4210,2100,3.43,55.7,4.62,
2026-04-16T20:20,Halden,HR-2,MW300-4210,900,2.64,47.6,3.38,
2026-04-16T22:10,Halden,HR-3,MW300-4210,1500,3.98,56.1,4.06,
2026-04-17T00:00,Halden,HR-1,MW300-4211,1800,3.79,57.5,4.33,
2026-04-17T01:50,Halden,HR-2,MW300-4211,900,3.69,48.2,3.7,
2026-04-17T03:40,Halden,HR-3,MW300-4211,2100,4.26,55.8,4.75,
2026-04-17T05:30,Halden,HR-1,MW300-4211,1200,3.92,49.7,3.53,
2026-04-17T07:20,Halden,HR-2,MW300-4211,900,3.09,46.8,3.13,
2026-04-17T09:10,Halden,HR-3,MW300-4211,1800,3.44,53.6,4.43,
2026-04-17T11:00,Halden,HR-1,MW300-4211,1500,4.01,54.3,4.02,
2026-04-17T12:50,Halden,HR-2,MW300-4211,900,2.6,47.0,3.3,
2026-04-17T14:40,Halden,HR-3,MW300-4211,900,2.89,47.8,3.61,
2026-04-17T16:30,Halden,HR-1,MW300-4211,1800,4.02,56.2,4.29,
2026-04-17T18:20,Halden,HR-2,MW300-4211,1500,3.17,56.5,4.37,
2026-04-17T20:10,Halden,HR-3,MW300-4211,1800,3.33,55.7,4.49,
2026-04-17T22:00,Halden,HR-1,MW300-4212,900,3.23,51.1,3.12,
2026-04-17T23:50,Halden,HR-2,MW300-4212,2100,3.35,60.4,5.04,
2026-04-18T01:40,Halden,HR-3,MW300-4212,1500,2.73,53.4,3.73,
2026-04-18T03:30,Halden,HR-1,MW300-4212,900,2.58,48.6,3.02,
2026-04-18T05:20,Halden,HR-2,MW300-4212,1500,2.96,51.4,4.18,
2026-04-18T07:10,Halden,HR-3,MW300-4212,1200,3.72,52.4,3.89,
2026-04-18T09:00,Halden,HR-1,MW300-4212,1800,3.45,54.9,4.27,
2026-04-18T10:50,Halden,HR-2,MW300-4212,1800,4.3,54.0,4.33,
2026-04-18T12:40,Halden,HR-3,MW300-4212,1200,2.83,48.4,3.79,
2026-04-18T14:30,Halden,HR-1,MW300-4212,900,3.41,49.6,3.03,
2026-04-18T16:20,Halden,HR-2,MW300-4212,900,2.73,46.4,3.12,
2026-04-18T18:10,Halden,HR-3,MW300-4212,900,2.33,51.4,3.25,
2026-04-18T20:00,Halden,HR-1,MW300-4213,1200,3.35,53.7,4.07,
2026-04-18T21:50,Halden,HR-2,MW300-4213,2100,3.89,57.5,4.85,
2026-04-18T23:40,Halden,HR-3,MW300-4213,1200,2.5,49.3,3.54,
2026-04-19T01:30,Halden,HR-1,MW300-4213,1500,3.05,56.4,3.69,
2026-04-19T03:20,Halden,HR-2,MW300-4213,900,2.96,49.8,3.32,
2026-04-19T05:10,Halden,HR-3,MW300-4213,1800,4.06,57.9,4.13,
2026-04-19T07:00,Halden,HR-1,MW300-4213,2100,4.04,56.5,4.88,
2026-04-19T08:50,Halden,HR-2,MW300-4213,2100,4.21,56.9,4.86,
2026-04-19T10:40,Halden,HR-3,MW300-4213,1500,2.91,54.4,3.87,
2026-04-19T12:30,Halden,HR-1,MW300-4213,1200,2.41,48.5,3.46,
2026-04-19T14:20,Halden,HR-2,MW300-4213,2100,4.3,59.1,5.03,
2026-04-19T16:10,Halden,HR-3,MW300-4213,1800,3.73,56.5,4.65,
2026-04-19T18:00,Halden,HR-1,MW300-4214,900,2.76,47.9,3.08,
2026-04-19T19:50,Halden,HR-2,MW300-4214,1200,2.98,51.6,3.62,
2026-04-19T21:40,Halden,HR-3,MW300-4214,2100,4.33,55.9,5.09,guard
2026-04-19T23:30,Halden,HR-1,MW300-4214,1800,3.28,53.0,4.16,
2026-04-20T01:20,Halden,HR-2,MW300-4214,1800,3.16,57.8,4.67,
2026-04-20T03:10,Halden,HR-3,MW300-4214,900,2.33,51.3,3.48,
2026-04-20T05:00,Halden,HR-1,MW300-4214,900,3.14,48.1,3.0,
2026-04-20T06:50,Halden,HR-2,MW300-4214,1800,3.52,58.8,4.12,
2026-04-20T08:40,Halden,HR-3,MW300-4214,1200,3.53,48.6,3.67,
2026-04-20T10:30,Halden,HR-1,MW300-4214,2100,3.77,59.4,4.92,
2026-04-20T12:20,Halden,HR-2,MW300-4214,900,3.61,46.8,3.58,
2026-04-20T14:10,Halden,HR-3,MW300-4214,1200,3.93,53.2,3.57,
2026-04-20T16:00,Halden,HR-1,MW300-4215,2100,3.83,58.4,4.63,
2026-04-20T17:50,Halden,HR-2,MW300-4215,1500,2.92,52.6,4.08,
2026-04-20T19:40,Halden,HR-3,MW300-4215,1800,3.29,56.2,4.49,
2026-04-20T21:30,Halden,HR-1,MW300-4215,1500,3.26,56.4,3.85,
2026-04-20T23:20,Halden,HR-2,MW300-4215,900,2.57,48.7,3.23,
2026-04-21T01:10,Halden,HR-3,MW300-4215,900,2.63,51.0,3.7,
2026-04-21T03:00,Halden,HR-1,MW300-4215,900,3.13,47.5,3.32,
2026-04-21T04:50,Halden,HR-2,MW300-4215,1500,3.95,53.1,4.15,
2026-04-21T06:40,Halden,HR-3,MW300-4215,900,2.78,47.5,3.14,
2026-04-21T08:30,Halden,HR-1,MW300-4215,2100,4.13,58.5,4.94,
2026-04-21T10:20,Halden,HR-2,MW300-4215,1500,3.84,54.0,4.19,
2026-04-21T12:10,Halden,HR-3,MW300-4215,1200,2.96,51.2,3.68,
2026-04-21T14:00,Halden,HR-1,MW300-4216,2100,3.32,57.6,5.03,
2026-04-21T15:50,Halden,HR-2,MW300-4216,2100,4.16,56.1,4.42,
2026-04-21T17:40,Halden,HR-3,MW300-4216,900,2.36,50.7,3.39,
2026-04-21T19:30,Halden,HR-1,MW300-4216,1200,3.8,48.8,3.45,
2026-04-21T21:20,Halden,HR-2,MW300-4216,1800,4.55,56.1,4.76,
2026-04-21T23:10,Halden,HR-3,MW300-4216,1500,3.57,52.6,3.73,
2026-04-22T01:00,Halden,HR-1,MW300-4216,900,2.52,48.1,3.79,
2026-04-22T02:50,Halden,HR-2,MW300-4216,900,2.76,51.4,3.21,
2026-04-22T04:40,Halden,HR-3,MW300-4216,1500,3.25,50.7,4.1,
2026-04-22T06:30,Halden,HR-1,MW300-4216,1500,3.96,54.1,4.4,
2026-04-22T08:20,Halden,HR-2,MW300-4216,1500,3.72,53.3,4.41,
2026-04-22T10:10,Halden,HR-3,MW300-4216,900,2.33,46.4,3.53,
2026-04-22T12:00,Halden,HR-1,MW300-4217,1200,3.73,50.8,3.6,
2026-04-22T13:50,Halden,HR-2,MW300-4217,900,3.01,50.6,3.43,
2026-04-22T15:40,Halden,HR-3,MW300-4217,900,3.52,46.6,3.48,
2026-04-22T17:30,Halden,HR-1,MW300-4217,1200,3.98,48.7,4.05,
2026-04-22T19:20,Halden,HR-2,MW300-4217,1200,3.85,53.2,3.57,
2026-04-22T21:10,Halden,HR-3,MW300-4217,1800,4.45,57.8,4.03,
2026-04-22T23:00,Halden,HR-1,MW300-4217,900,3.41,46.7,3.66,
2026-04-23T00:50,Halden,HR-2,MW300-4217,1800,3.87,58.9,4.17,
2026-04-23T02:40,Halden,HR-3,MW300-4217,900,3.08,48.3,3.73,
2026-04-23T04:30,Halden,HR-1,MW300-4217,1800,4.4,56.4,4.62,
2026-04-23T06:20,Halden,HR-2,MW300-4217,1200,2.86,49.3,3.46,
2026-04-23T08:10,Halden,HR-3,MW300-4217,1800,3.29,53.4,4.79,
2026-04-23T10:00,Halden,HR-1,MW300-4218,1200,2.47,53.8,3.45,
2026-04-23T11:50,Halden,HR-2,MW300-4218,1500,2.82,55.8,4.32,
2026-04-23T13:40,Halden,HR-3,MW300-4218,900,2.27,47.2,3.55,
2026-04-23T15:30,Halden,HR-1,MW300-4218,900,2.63,47.4,3.03,
2026-04-23T17:20,Halden,HR-2,MW300-4218,1200,3.41,53.7,3.79,
2026-04-23T19:10,Halden,HR-3,MW300-4218,2100,4.52,59.7,4.88,
2026-04-23T21:00,Halden,HR-1,MW300-4218,1200,2.94,51.5,4.01,
2026-04-23T22:50,Halden,HR-2,MW300-4218,1500,2.94,55.7,4.37,
2026-04-24T00:40,Halden,HR-3,MW300-4218,900,3.42,45.6,3.46,
2026-04-24T02:30,Halden,HR-1,MW300-4218,900,2.25,45.6,3.09,
2026-04-24T04:20,Halden,HR-2,MW300-4218,1500,3.15,54.5,4.16,
2026-04-24T06:10,Halden,HR-3,MW300-4218,2100,4.82,60.0,5.04,
2026-04-24T08:00,Halden,HR-1,MW300-4219,1500,3.55,53.0,3.93,
2026-04-24T09:50,Halden,HR-2,MW300-4219,1200,3.67,49.5,3.4,
2026-04-24T11:40,Halden,HR-3,MW300-4219,900,2.71,47.3,3.49,
2026-04-24T13:30,Halden,HR-1,MW300-4219,1800,4.27,57.3,4.17,guard
2026-04-24T15:20,Halden,HR-2,MW300-4219,1500,3.12,51.7,3.68,
2026-04-24T17:10,Halden,HR-3,MW300-4219,900,2.56,45.5,3.71,
2026-04-24T19:00,Halden,HR-1,MW300-4219,1200,2.87,52.3,3.89,
2026-04-24T20:50,Halden,HR-2,MW300-4219,1500,3.41,50.8,4.19,
2026-04-24T22:40,Halden,HR-3,MW300-4219,1500,3.35,53.3,4.18,
2026-04-25T00:30,Halden,HR-1,MW300-4219,1500,2.83,51.8,3.85,
2026-04-25T02:20,Halden,HR-2,MW300-4219,1500,4.04,51.6,4.42,
2026-04-25T04:10,Halden,HR-3,MW300-4219,1800,3.12,58.5,4.12,
2026-04-25T06:00,Halden,HR-1,MW300-4220,1800,4.57,56.9,4.11,
2026-04-25T07:50,Halden,HR-2,MW300-4220,1200,2.4,48.1,3.92,
2026-04-25T09:40,Halden,HR-3,MW300-4220,1500,3.29,52.2,3.97,
2026-04-25T11:30,Halden,HR-1,MW300-4220,900,2.89,48.8,3.19,
2026-04-25T13:20,Halden,HR-2,MW300-4220,900,3.22,48.4,3.22,
2026-04-25T15:10,Halden,HR-3,MW300-4220,1800,3.45,54.3,4.41,
2026-04-25T17:00,Halden,HR-1,MW300-4220,1800,3.9,56.3,4.67,
2026-04-25T18:50,Halden,HR-2,MW300-4220,1800,3.26,54.1,4.8,
2026-04-25T20:40,Halden,HR-3,MW300-4220,1800,3.96,57.2,4.01,
2026-04-25T22:30,Halden,HR-1,MW300-4220,1200,2.91,50.8,3.41,
2026-04-26T00:20,Halden,HR-2,MW300-4220,1500,2.99,55.8,4.04,
2026-04-26T02:10,Halden,HR-3,MW300-4220,900,2.74,50.1,3.28,
2026-04-26T04:00,Halden,HR-1,MW300-4221,1800,4.08,54.8,4.23,
2026-04-26T05:50,Halden,HR-2,MW300-4221,2100,3.51,57.2,4.99,
2026-04-26T07:40,Halden,HR-3,MW300-4221,900,2.92,50.9,3.15,
2026-04-26T09:30,Halden,HR-1,MW300-4221,2100,4.52,60.7,4.64,
2026-04-26T11:20,Halden,HR-2,MW300-4221,900,2.74,49.8,3.68,
2026-04-26T13:10,Halden,HR-3,MW300-4221,1200,2.79,53.7,3.39,
2026-04-26T15:00,Halden,HR-1,MW300-4221,900,2.71,49.3,3.51,
2026-04-26T16:50,Halden,HR-2,MW300-4221,1200,2.87,50.5,3.43,
2026-04-26T18:40,Halden,HR-3,MW300-4221,2100,4.14,56.5,4.46,
2026-04-26T20:30,Halden,HR-1,MW300-4221,1800,3.27,53.6,4.44,
2026-04-26T22:20,Halden,HR-2,MW300-4221,1500,3.55,53.3,3.75,
2026-04-27T00:10,Halden,HR-3,MW300-4221,1200,3.3,49.4,3.85,
2026-04-27T02:00,Halden,HR-1,MW300-4222,1200,2.71,53.1,3.66,
2026-04-27T03:50,Halden,HR-2,MW300-4222,2100,4.15,55.7,5.03,
2026-04-27T05:40,Halden,HR-3,MW300-4222,1200,3.2,51.9,3.82,
2026-04-27T07:30,Halden,HR-1,MW300-4222,2100,3.76,61.1,5.0,
2026-04-27T09:20,Halden,HR-2,MW300-4222,1200,3.07,49.9,4.02,
2026-04-27T11:10,Halden,HR-3,MW300-4222,1200,3.08,53.0,3.41,
2026-04-27T13:00,Halden,HR-1,MW300-4222,2100,3.69,55.8,4.83,
2026-04-27T14:50,Halden,HR-2,MW300-4222,2100,4.72,60.2,4.78,
2026-04-27T16:40,Halden,HR-3,MW300-4222,2100,3.39,59.7,4.76,
2026-04-27T18:30,Halden,HR-1,MW300-4222,1200,3.71,51.1,4.08,
2026-04-27T20:20,Halden,HR-2,MW300-4222,2100,4.76,58.8,4.4,
2026-04-27T22:10,Halden,HR-3,MW300-4222,2100,4.11,61.3,4.56,
2026-04-28T00:00,Halden,HR-1,MW300-4223,900,2.14,47.2,3.51,
2026-04-28T01:50,Halden,HR-2,MW300-4223,2100,3.99,59.9,4.9,
2026-04-28T03:40,Halden,HR-3,MW300-4223,1800,3.04,57.8,4.44,
2026-04-28T05:30,Halden,HR-1,MW300-4223,900,3.18,48.9,3.0,
2026-04-28T07:20,Halden,HR-2,MW300-4223,900,2.37,45.5,3.38,
2026-04-28T09:10,Halden,HR-3,MW300-4223,900,2.65,51.4,3.39,
2026-04-28T11:00,Halden,HR-1,MW300-4223,2100,3.66,59.8,4.53,
2026-04-28T12:50,Halden,HR-2,MW300-4223,1800,4.37,57.6,4.12,
2026-04-28T14:40,Halden,HR-3,MW300-4223,1800,3.79,53.3,4.29,
2026-04-28T16:30,Halden,HR-1,MW300-4223,1800,3.95,54.5,4.32,
2026-04-28T18:20,Halden,HR-2,MW300-4223,1800,3.54,54.5,4.25,
2026-04-28T20:10,Halden,HR-3,MW300-4223,1200,2.72,53.3,4.02,
2026-04-28T22:00,Halden,HR-1,MW300-4224,1200,3.46,52.7,3.73,
2026-04-28T23:50,Halden,HR-2,MW300-4224,900,3.46,48.8,3.09,
2026-04-29T01:40,Halden,HR-3,MW300-4224,900,3.08,50.2,3.31,
2026-04-29T03:30,Halden,HR-1,MW300-4224,900,3.57,51.3,3.46,
2026-04-29T05:20,Halden,HR-2,MW300-4224,1800,3.28,53.1,4.2,
2026-04-29T07:10,Halden,HR-3,MW300-4224,900,3.46,46.8,3.31,
2026-04-29T09:00,Halden,HR-1,MW300-4224,1500,3.26,54.5,4.36,
2026-04-29T10:50,Halden,HR-2,MW300-4224,900,2.98,47.6,3.48,
2026-04-29T12:40,Halden,HR-3,MW300-4224,1800,3.58,56.2,4.33,
2026-04-29T14:30,Halden,HR-1,MW300-4224,2100,4.64,57.7,4.97,
2026-04-29T16:20,Halden,HR-2,MW300-4224,1800,4.34,53.2,4.46,
2026-04-29T18:10,Halden,HR-3,MW300-4224,1500,3.43,50.5,4.32,guard
2026-04-29T20:00,Halden,HR-1,MW300-4225,1500,3.5,54.3,4.3,
2026-04-29T21:50,Halden,HR-2,MW300-4225,2100,4.46,60.2,4.63,
2026-04-29T23:40,Halden,HR-3,MW300-4225,1800,4.33,53.1,4.57,
2026-04-30T01:30,Halden,HR-1,MW300-4225,1800,3.41,56.0,4.22,
2026-04-30T03:20,Halden,HR-2,MW300-4225,1800,3.97,58.7,4.02,
2026-04-30T05:10,Halden,HR-3,MW300-4225,1500,2.85,56.3,4.04,
2026-04-30T07:00,Halden,HR-1,MW300-4225,1200,3.5,53.1,3.64,
2026-04-30T08:50,Halden,HR-2,MW300-4225,1800,4.0,53.6,4.51,
2026-04-30T10:40,Halden,HR-3,MW300-4225,1200,3.45,51.1,3.43,
2026-04-30T12:30,Halden,HR-1,MW300-4225,1500,3.5,50.5,4.12,
2026-04-30T14:20,Halden,HR-2,MW300-4225,2100,4.69,57.6,4.87,
2026-04-30T16:10,Halden,HR-3,MW300-4225,2100,3.41,57.9,4.49,
2026-04-30T18:00,Halden,HR-1,MW300-4226,900,2.52,46.0,3.11,
2026-04-30T19:50,Halden,HR-2,MW300-4226,1500,3.38,52.2,3.8,guard
2026-04-30T21:40,Halden,HR-3,MW300-4226,1500,4.05,53.6,3.83,
2026-04-30T23:30,Halden,HR-1,MW300-4226,1200,3.53,48.7,3.86,
2026-05-01T01:20,Halden,HR-2,MW300-4226,1200,3.55,51.2,3.92,
2026-05-01T03:10,Halden,HR-3,MW300-4226,1500,2.82,53.9,4.1,
2026-05-01T05:00,Halden,HR-1,MW300-4226,1500,3.7,55.5,4.07,
2026-05-01T06:50,Halden,HR-2,MW300-4226,1800,3.61,53.1,4.1,
2026-05-01T08:40,Halden,HR-3,MW300-4226,1800,4.02,57.8,4.29,
2026-05-01T10:30,Halden,HR-1,MW300-4226,1800,4.28,57.5,4.18,
2026-05-01T12:20,Halden,HR-2,MW300-4226,1800,3.17,57.7,4.13,
2026-05-01T14:10,Halden,HR-3,MW300-4226,1200,3.78,52.7,4.05,
2026-05-01T16:00,Halden,HR-1,MW300-4227,1200,3.5,50.4,3.64,
2026-05-01T17:50,Halden,HR-2,MW300-4227,2100,4.86,59.6,5.03,
2026-05-01T19:40,Halden,HR-3,MW300-4227,900,3.62,48.3,3.53,
2026-05-01T21:30,Halden,HR-1,MW300-4227,1500,3.93,50.9,4.06,
2026-05-01T23:20,Halden,HR-2,MW300-4227,1800,3.58,57.2,4.66,
2026-05-02T01:10,Halden,HR-3,MW300-4227,900,3.59,49.8,3.72,
2026-05-02T03:00,Halden,HR-1,MW300-4227,900,3.51,50.9,3.13,
2026-05-02T04:50,Halden,HR-2,MW300-4227,900,2.27,46.0,3.58,
2026-05-02T06:40,Halden,HR-3,MW300-4227,1500,2.96,54.2,3.83,
2026-05-02T08:30,Halden,HR-1,MW300-4227,2100,3.84,61.3,4.58,
2026-05-02T10:20,Halden,HR-2,MW300-4227,1800,3.98,56.4,4.52,
2026-05-02T12:10,Halden,HR-3,MW300-4227,1800,3.57,58.7,4.76,
2026-05-02T14:00,Halden,HR-1,MW300-4228,1200,3.11,52.9,3.91,
2026-05-02T15:50,Halden,HR-2,MW300-4228,1200,3.23,50.2,4.13,
2026-05-02T17:40,Halden,HR-3,MW300-4228,1800,3.54,57.1,4.66,
2026-05-02T19:30,Halden,HR-1,MW300-4228,1200,3.1,53.7,3.59,
2026-05-02T21:20,Halden,HR-2,MW300-4228,1800,3.18,57.6,4.66,
2026-05-02T23:10,Halden,HR-3,MW300-4228,2100,4.4,61.3,4.44,
2026-05-03T01:00,Halden,HR-1,MW300-4228,1500,3.92,54.7,3.8,
2026-05-03T02:50,Halden,HR-2,MW300-4228,1800,3.4,54.2,4.78,
2026-05-03T04:40,Halden,HR-3,MW300-4228,1200,2.98,53.8,4.09,
2026-05-03T06:30,Halden,HR-1,MW300-4228,1500,4.26,55.0,3.68,
2026-05-03T08:20,Halden,HR-2,MW300-4228,2100,3.97,56.3,4.74,
2026-05-03T10:10,Halden,HR-3,MW300-4228,900,2.69,50.1,3.03,
2026-05-03T12:00,Halden,HR-1,MW300-4229,900,3.54,46.3,3.74,
2026-05-03T13:50,Halden,HR-2,MW300-4229,1500,3.06,51.6,3.97,
2026-05-03T15:40,Halden,HR-3,MW300-4229,1500,3.88,52.8,4.16,
2026-05-03T17:30,Halden,HR-1,MW300-4229,1500,2.85,54.7,3.75,
2026-05-03T19:20,Halden,HR-2,MW300-4229,1200,2.44,50.6,4.01,
2026-05-03T21:10,Halden,HR-3,MW300-4229,2100,4.41,60.2,4.88,
2026-05-03T23:00,Halden,HR-1,MW300-4229,1800,3.98,58.6,4.77,
2026-05-04T00:50,Halden,HR-2,MW300-4229,1800,3.7,53.8,4.57,
2026-05-04T02:40,Halden,HR-3,MW300-4229,1800,4.14,54.3,4.72,
2026-05-04T04:30,Halden,HR-1,MW300-4229,1500,2.86,54.9,4.18,
2026-05-04T06:20,Halden,HR-2,MW300-4229,900,3.18,47.1,3.32,
2026-05-04T08:10,Halden,HR-3,MW300-4229,1500,2.77,56.4,3.94,
2026-05-04T10:00,Halden,HR-1,MW300-4230,1200,2.49,50.8,3.54,
2026-05-04T11:50,Halden,HR-2,MW300-4230,1200,3.63,50.3,3.42,
2026-05-04T13:40,Halden,HR-3,MW300-4230,1500,3.94,51.7,4.13,
2026-05-04T15:30,Halden,HR-1,MW300-4230,2100,4.0,57.3,4.54,
2026-05-04T17:20,Halden,HR-2,MW300-4230,2100,3.5,60.0,5.11,
2026-05-04T19:10,Halden,HR-3,MW300-4230,2100,4.18,56.6,4.38,
2026-05-04T21:00,Halden,HR-1,MW300-4230,1800,3.21,55.9,4.67,
2026-05-04T22:50,Halden,HR-2,MW300-4230,1800,3.99,58.8,4.31,
2026-05-05T00:40,Halden,HR-3,MW300-4230,1800,3.68,55.4,4.2,
2026-05-05T02:30,Halden,HR-1,MW300-4230,2100,4.31,56.5,4.79,
2026-05-05T04:20,Halden,HR-2,MW300-4230,900,2.91,48.8,3.58,
2026-05-05T06:10,Halden,HR-3,MW300-4230,1800,3.28,56.8,4.53,
2026-05-05T08:00,Halden,HR-1,MW300-4231,900,2.69,46.1,3.59,
2026-05-05T09:50,Halden,HR-2,MW300-4231,1800,3.02,55.2,4.21,
2026-05-05T11:40,Halden,HR-3,MW300-4231,900,2.99,50.9,3.61,
2026-05-05T13:30,Halden,HR-1,MW300-4231,1800,4.38,55.4,4.41,
2026-05-05T15:20,Halden,HR-2,MW300-4231,1200,2.41,49.9,4.06,
2026-05-05T17:10,Halden,HR-3,MW300-4231,1800,3.07,56.6,4.36,
2026-05-05T19:00,Halden,HR-1,MW300-4231,1800,3.23,58.7,4.3,
2026-05-05T20:50,Halden,HR-2,MW300-4231,1800,3.06,58.3,4.58,
2026-05-05T22:40,Halden,HR-3,MW300-4231,2100,4.65,57.3,5.1,
2026-05-06T00:30,Halden,HR-1,MW300-4231,1800,3.64,55.8,4.01,
2026-05-06T02:20,Halden,HR-2,MW300-4231,1500,4.05,53.9,4.17,
2026-05-06T04:10,Halden,HR-3,MW300-4231,1500,3.67,51.3,4.13,
2026-05-06T06:00,Halden,HR-1,MW300-4232,1800,4.23,55.7,4.22,
2026-05-06T07:50,Halden,HR-2,MW300-4232,2100,3.65,56.2,4.99,
2026-05-06T09:40,Halden,HR-3,MW300-4232,1500,3.21,53.7,3.8,guard
2026-05-06T11:30,Halden,HR-1,MW300-4232,900,3.7,49.9,3.65,
2026-05-06T13:20,Halden,HR-2,MW300-4232,2100,4.86,56.2,4.41,
2026-05-06T15:10,Halden,HR-3,MW300-4232,2100,3.45,55.9,4.77,
2026-05-06T17:00,Halden,HR-1,MW300-4232,1800,3.35,58.3,4.3,
2026-05-06T18:50,Halden,HR-2,MW300-4232,1800,3.24,57.0,4.68,
2026-05-06T20:40,Halden,HR-3,MW300-4232,1500,2.77,50.8,4.46,
2026-05-06T22:30,Halden,HR-1,MW300-4232,1200,3.66,49.0,3.87,
2026-05-07T00:20,Halden,HR-2,MW300-4232,1500,3.82,55.4,4.43,
2026-05-07T02:10,Halden,HR-3,MW300-4232,900,2.17,47.3,3.51,
2026-05-07T04:00,Halden,HR-1,MW300-4233,1800,3.06,54.1,4.67,
2026-05-07T05:50,Halden,HR-2,MW300-4233,1200,3.76,49.3,3.43,
2026-05-07T07:40,Halden,HR-3,MW300-4233,900,3.2,50.4,3.57,
2026-05-07T09:30,Halden,HR-1,MW300-4233,1200,3.4,53.0,3.67,
2026-05-07T11:20,Halden,HR-2,MW300-4233,900,3.17,48.9,3.35,
2026-05-07T13:10,Halden,HR-3,MW300-4233,1500,3.84,55.2,4.1,
2026-05-07T15:00,Halden,HR-1,MW300-4233,1200,2.78,52.4,3.84,
2026-05-07T16:50,Halden,HR-2,MW300-4233,1500,2.99,55.9,4.43,guard
2026-05-07T18:40,Halden,HR-3,MW300-4233,1800,3.46,57.0,4.15,
2026-05-07T20:30,Halden,HR-1,MW300-4233,1200,3.85,49.4,3.49,
2026-05-07T22:20,Halden,HR-2,MW300-4233,900,2.78,49.3,3.25,
2026-05-08T00:10,Halden,HR-3,MW300-4233,900,2.92,46.2,3.47,
2026-05-08T02:00,Halden,HR-1,MW300-4234,900,2.37,48.1,3.32,
2026-05-08T03:50,Halden,HR-2,MW300-4234,2100,3.72,60.8,4.62,
2026-05-08T05:40,Halden,HR-3,MW300-4234,1200,2.78,53.5,3.56,
2026-05-08T07:30,Halden,HR-1,MW300-4234,1500,3.69,51.2,4.19,
2026-05-08T09:20,Halden,HR-2,MW300-4234,1500,3.34,54.9,4.11,
2026-05-08T11:10,Halden,HR-3,MW300-4234,1800,3.98,54.8,4.21,
2026-05-08T13:00,Halden,HR-1,MW300-4234,2100,3.44,58.2,4.64,
2026-05-08T14:50,Halden,HR-2,MW300-4234,1500,3.11,55.4,3.84,
2026-05-08T16:40,Halden,HR-3,MW300-4234,1200,2.46,49.7,3.66,
2026-05-08T18:30,Halden,HR-1,MW300-4234,1800,3.85,54.7,4.5,
2026-05-08T20:20,Halden,HR-2,MW300-4234,2100,4.72,57.7,4.87,
2026-05-08T22:10,Halden,HR-3,MW300-4234,1800,3.74,59.0,4.17,
2026-05-09T00:00,Halden,HR-1,MW300-4235,1500,4.21,55.1,4.45,
2026-05-09T01:50,Halden,HR-2,MW300-4235,1800,3.08,54.6,4.19,
2026-05-09T03:40,Halden,HR-3,MW300-4235,1800,4.25,55.0,4.69,
2026-05-09T05:30,Halden,HR-1,MW300-4235,900,2.81,46.1,3.11,
2026-05-09T07:20,Halden,HR-2,MW300-4235,900,2.96,50.9,3.4,
2026-05-09T09:10,Halden,HR-3,MW300-4235,1200,3.37,51.7,3.85,
2026-05-09T11:00,Halden,HR-1,MW300-4235,1500,3.03,53.9,3.76,
2026-05-09T12:50,Halden,HR-2,MW300-4235,1500,3.08,51.8,4.02,
2026-05-09T14:40,Halden,HR-3,MW300-4235,900,2.64,49.7,3.01,
2026-05-09T16:30,Halden,HR-1,MW300-4235,1200,3.03,51.5,3.35,
2026-05-09T18:20,Halden,HR-2,MW300-4235,2100,4.48,60.7,4.59,guard
2026-05-09T20:10,Halden,HR-3,MW300-4235,1200,2.59,50.8,3.9,
2026-05-09T22:00,Halden,HR-1,MW300-4236,1200,3.6,53.5,3.55,
2026-05-09T23:50,Halden,HR-2,MW300-4236,1200,2.78,52.2,3.52,
2026-05-10T01:40,Halden,HR-3,MW300-4236,1200,2.48,51.0,3.92,
2026-05-10T03:30,Halden,HR-1,MW300-4236,1500,3.39,53.1,3.96,
2026-05-10T05:20,Halden,HR-2,MW300-4236,1500,4.02,51.6,4.09,
2026-05-10T07:10,Halden,HR-3,MW300-4236,2100,3.87,58.2,4.84,
2026-05-10T09:00,Halden,HR-1,MW300-4236,1500,3.98,56.0,4.0,
2026-05-10T10:50,Halden,HR-2,MW300-4236,1800,3.1,53.2,4.79,
2026-05-10T12:40,Halden,HR-3,MW300-4236,2100,3.32,59.2,4.5,
2026-05-10T14:30,Halden,HR-1,MW300-4236,1200,3.71,49.5,3.87,
2026-05-10T16:20,Halden,HR-2,MW300-4236,900,2.97,47.8,3.26,
2026-05-10T18:10,Halden,HR-3,MW300-4236,2100,3.97,55.8,4.93,
2026-05-10T20:00,Halden,HR-1,MW300-4237,900,3.08,47.0,3.09,
2026-05-10T21:50,Halden,HR-2,MW300-4237,1200,2.48,49.0,3.71,
2026-05-10T23:40,Halden,HR-3,MW300-4237,900,2.16,49.5,3.2,
2026-05-11T01:30,Halden,HR-1,MW300-4237,1800,4.59,56.7,4.7,
2026-05-11T03:20,Halden,HR-2,MW300-4237,1800,3.74,57.1,4.64,
2026-05-11T05:10,Halden,HR-3,MW300-4237,1200,2.61,50.9,3.72,
2026-05-11T07:00,Halden,HR-1,MW300-4237,900,2.77,51.5,3.07,
2026-05-11T08:50,Halden,HR-2,MW300-4237,1500,4.23,56.3,3.98,
2026-05-11T10:40,Halden,HR-3,MW300-4237,1800,4.29,53.6,4.7,
2026-05-11T12:30,Halden,HR-1,MW300-4237,1800,3.76,54.1,4.6,
2026-05-11T14:20,Halden,HR-2,MW300-4237,900,2.76,50.3,3.26,
2026-05-11T16:10,Halden,HR-3,MW300-4237,1500,3.78,51.8,4.42,
2026-05-11T18:00,Halden,HR-1,MW300-4238,1200,2.97,49.4,3.83,
2026-05-11T19:50,Halden,HR-2,MW300-4238,1800,3.8,53.6,4.23,
2026-05-11T21:40,Halden,HR-3,MW300-4238,2100,3.51,55.9,5.12,
2026-05-11T23:30,Halden,HR-1,MW300-4238,2100,3.34,60.4,4.75,
2026-05-12T01:20,Halden,HR-2,MW300-4238,2100,4.13,60.3,4.84,
2026-05-12T03:10,Halden,HR-3,MW300-4238,2100,4.69,61.4,4.6,
2026-05-12T05:00,Halden,HR-1,MW300-4238,1500,3.38,53.4,4.39,
2026-05-12T06:50,Halden,HR-2,MW300-4238,1200,2.64,49.4,3.58,
2026-05-12T08:40,Halden,HR-3,MW300-4238,1800,3.97,55.4,4.52,
2026-05-12T10:30,Halden,HR-1,MW300-4238,1200,2.87,52.0,3.55,
2026-05-12T12:20,Halden,HR-2,MW300-4238,2100,4.01,58.2,4.81,
2026-05-12T14:10,Halden,HR-3,MW300-4238,1500,4.0,56.1,4.46,
2026-05-12T16:00,Halden,HR-1,MW300-4239,1500,4.21,51.0,4.36,
2026-05-12T17:50,Halden,HR-2,MW300-4239,1800,3.78,56.7,4.22,
2026-05-12T19:40,Halden,HR-3,MW300-4239,1800,3.26,55.5,4.8,
2026-05-12T21:30,Halden,HR-1,MW300-4239,900,2.87,48.7,3.62,
2026-05-12T23:20,Halden,HR-2,MW300-4239,1500,3.71,56.3,4.1,
2026-05-13T01:10,Halden,HR-3,MW300-4239,1500,4.29,54.6,3.75,
2026-05-13T03:00,Halden,HR-1,MW300-4239,2100,3.47,60.1,4.45,
2026-05-13T04:50,Halden,HR-2,MW300-4239,1800,3.27,53.4,4.24,
2026-05-13T06:40,Halden,HR-3,MW300-4239,2100,4.14,60.5,4.75,
2026-05-13T08:30,Halden,HR-1,MW300-4239,1800,3.38,55.4,4.47,
2026-05-13T10:20,Halden,HR-2,MW300-4239,2100,4.65,60.5,4.56,
2026-05-13T12:10,Halden,HR-3,MW300-4239,1500,3.75,54.7,4.16,
2026-05-13T14:00,Halden,HR-1,MW300-4240,1200,3.67,53.5,3.71,
2026-05-13T15:50,Halden,HR-2,MW300-4240,1500,4.02,50.5,3.89,
2026-05-13T17:40,Halden,HR-3,MW300-4240,2100,4.52,61.1,4.65,
2026-05-13T19:30,Halden,HR-1,MW300-4240,1500,3.57,53.6,4.07,
2026-05-13T21:20,Halden,HR-2,MW300-4240,1200,3.25,53.1,3.34,
2026-05-13T23:10,Halden,HR-3,MW300-4240,1800,3.96,54.0,4.28,
2026-05-14T01:00,Halden,HR-1,MW300-4240,1200,3.7,51.3,3.47,
2026-05-14T02:50,Halden,HR-2,MW300-4240,900,2.96,48.2,3.37,
2026-05-14T04:40,Halden,HR-3,MW300-4240,1500,2.94,54.1,4.21,
2026-05-14T06:30,Halden,HR-1,MW300-4240,900,3.65,48.4,3.13,
2026-05-14T08:20,Halden,HR-2,MW300-4240,1800,3.35,53.0,4.55,
2026-05-14T10:10,Halden,HR-3,MW300-4240,1500,3.21,50.7,4.21,
2026-05-14T12:00,Halden,HR-1,MW300-4241,2100,3.48,58.1,4.67,
2026-05-14T13:50,Halden,HR-2,MW300-4241,2100,4.54,56.1,4.62,
2026-05-14T15:40,Halden,HR-3,MW300-4241,1800,3.35,55.7,4.73,
2026-05-14T17:30,Halden,HR-1,MW300-4241,1800,3.69,56.6,4.71,
2026-05-14T19:20,Halden,HR-2,MW300-4241,1800,3.45,57.8,4.33,
2026-05-14T21:10,Halden,HR-3,MW300-4241,1200,2.47,49.5,3.95,
2026-05-14T23:00,Halden,HR-1,MW300-4241,1500,2.93,56.1,3.83,
2026-05-15T00:50,Halden,HR-2,MW300-4241,2100,4.5,56.0,4.73,
2026-05-15T02:40,Halden,HR-3,MW300-4241,1200,3.59,49.4,3.42,
2026-05-15T04:30,Halden,HR-1,MW300-4241,1500,4.16,53.5,3.82,
2026-05-15T06:20,Halden,HR-2,MW300-4241,1200,3.4,50.3,3.64,
2026-05-15T08:10,Halden,HR-3,MW300-4241,1500,4.01,55.9,4.4,
2026-05-15T10:00,Halden,HR-1,MW300-4242,900,2.39,45.8,3.07,
2026-05-15T11:50,Halden,HR-2,MW300-4242,1800,3.34,55.9,4.34,
2026-05-15T13:40,Halden,HR-3,MW300-4242,2100,4.75,57.2,4.35,
2026-05-15T15:30,Halden,HR-1,MW300-4242,1200,2.52,53.7,3.41,
2026-05-15T17:20,Halden,HR-2,MW300-4242,2100,4.23,61.0,4.62,
2026-05-15T19:10,Halden,HR-3,MW300-4242,1200,2.91,49.7,3.86,
2026-05-15T21:00,Halden,HR-1,MW300-4242,1200,3.56,53.3,3.93,
2026-05-15T22:50,Halden,HR-2,MW300-4242,1200,3.36,52.2,3.94,
2026-05-16T00:40,Halden,HR-3,MW300-4242,2100,3.73,61.5,4.83,
2026-05-16T02:30,Halden,HR-1,MW300-4242,1500,3.22,53.2,4.04,
2026-05-16T04:20,Halden,HR-2,MW300-4242,1800,3.1,54.6,4.72,
2026-05-16T06:10,Halden,HR-3,MW300-4242,1200,3.37,53.8,3.42,
2026-05-16T08:00,Halden,HR-1,MW300-4243,2100,4.63,60.1,4.76,
2026-05-16T09:50,Halden,HR-2,MW300-4243,2100,3.72,57.5,4.98,
2026-05-16T11:40,Halden,HR-3,MW300-4243,1200,3.42,52.9,3.51,
2026-05-16T13:30,Halden,HR-1,MW300-4243,2100,4.8,60.4,4.88,
2026-05-16T15:20,Halden,HR-2,MW300-4243,2100,3.49,58.8,4.43,
2026-05-16T17:10,Halden,HR-3,MW300-4243,1500,4.16,52.3,4.27,
2026-05-16T19:00,Halden,HR-1,MW300-4243,1500,3.18,54.3,4.02,guard
2026-05-16T20:50,Halden,HR-2,MW300-4243,1800,3.68,56.4,4.78,
2026-05-16T22:40,Halden,HR-3,MW300-4243,1800,3.85,58.9,4.34,
2026-05-17T00:30,Halden,HR-1,MW300-4243,1800,3.88,54.3,4.77,
2026-05-17T02:20,Halden,HR-2,MW300-4243,900,3.37,46.7,3.17,
2026-05-17T04:10,Halden,HR-3,MW300-4243,1500,3.76,55.1,3.94,
2026-05-17T06:00,Halden,HR-1,MW300-4244,1200,3.62,52.3,3.78,
2026-05-17T07:50,Halden,HR-2,MW300-4244,2100,4.33,56.0,4.73,
2026-05-17T09:40,Halden,HR-3,MW300-4244,1800,4.19,54.1,4.18,
2026-05-17T11:30,Halden,HR-1,MW300-4244,1200,3.34,48.7,4.13,
2026-05-17T13:20,Halden,HR-2,MW300-4244,1500,3.07,51.9,3.81,
2026-05-17T15:10,Halden,HR-3,MW300-4244,1800,3.05,57.6,4.45,
2026-05-17T17:00,Halden,HR-1,MW300-4244,1800,3.03,54.2,4.38,
2026-05-17T18:50,Halden,HR-2,MW300-4244,1800,3.42,56.5,4.46,
2026-05-17T20:40,Halden,HR-3,MW300-4244,900,3.24,45.6,3.24,
2026-05-17T22:30,Halden,HR-1,MW300-4244,1200,3.96,50.2,3.97,
2026-05-18T00:20,Halden,HR-2,MW300-4244,1200,3.76,50.6,3.61,
2026-05-18T02:10,Halden,HR-3,MW300-4244,1200,3.87,51.6,3.4,
2026-05-18T04:00,Halden,HR-1,MW300-4245,900,2.51,50.2,3.32,
2026-05-18T05:50,Halden,HR-2,MW300-4245,2100,4.59,56.0,4.79,
2026-05-18T07:40,Halden,HR-3,MW300-4245,1800,4.57,53.5,4.1,
2026-05-18T09:30,Halden,HR-1,MW300-4245,900,2.21,51.5,3.56,
2026-05-18T11:20,Halden,HR-2,MW300-4245,1200,2.71,49.9,4.09,
2026-05-18T13:10,Halden,HR-3,MW300-4245,1200,3.24,48.9,3.63,
2026-05-18T15:00,Halden,HR-1,MW300-4245,900,2.2,50.6,3.41,
2026-05-18T16:50,Halden,HR-2,MW300-4245,900,2.98,49.5,3.43,
2026-05-18T18:40,Halden,HR-3,MW300-4245,900,2.54,47.0,3.5,
2026-05-18T20:30,Halden,HR-1,MW300-4245,2100,3.7,55.7,4.37,
2026-05-18T22:20,Halden,HR-2,MW300-4245,1200,4.0,51.6,3.89,
2026-05-19T00:10,Halden,HR-3,MW300-4245,2100,4.84,60.9,4.55,
2026-05-19T02:00,Halden,HR-1,MW300-4246,1800,3.64,57.7,4.41,
2026-05-19T03:50,Halden,HR-2,MW300-4246,1200,3.88,50.9,3.8,
2026-05-19T05:40,Halden,HR-3,MW300-4246,2100,3.33,61.4,4.68,
2026-05-19T07:30,Halden,HR-1,MW300-4246,1800,3.11,58.3,4.02,
2026-05-19T09:20,Halden,HR-2,MW300-4246,1500,3.84,53.9,3.67,
2026-05-19T11:10,Halden,HR-3,MW300-4246,900,3.22,47.9,3.14,
2026-05-19T13:00,Halden,HR-1,MW300-4246,2100,3.39,57.7,4.54,
2026-05-19T14:50,Halden,HR-2,MW300-4246,900,2.94,50.0,3.34,
2026-05-19T16:40,Halden,HR-3,MW300-4246,900,2.51,51.0,3.09,
2026-05-19T18:30,Halden,HR-1,MW300-4246,1800,4.35,56.3,4.79,
2026-05-19T20:20,Halden,HR-2,MW300-4246,900,2.85,49.5,3.33,
2026-05-19T22:10,Halden,HR-3,MW300-4246,1800,4.28,53.7,4.27,
2026-05-20T00:00,Halden,HR-1,MW300-4247,1500,2.83,53.4,4.0,
2026-05-20T01:50,Halden,HR-2,MW300-4247,2100,3.43,57.6,4.82,
2026-05-20T03:40,Halden,HR-3,MW300-4247,2100,4.71,60.0,5.04,
2026-05-20T05:30,Halden,HR-1,MW300-4247,1800,3.9,55.4,4.69,
2026-05-20T07:20,Halden,HR-2,MW300-4247,1200,3.77,52.7,3.98,
2026-05-20T09:10,Halden,HR-3,MW300-4247,1800,4.57,54.1,4.07,
2026-05-20T11:00,Halden,HR-1,MW300-4247,1200,3.14,48.4,3.77,
2026-05-20T12:50,Halden,HR-2,MW300-4247,900,2.74,49.1,3.12,
2026-05-20T14:40,Halden,HR-3,MW300-4247,1800,4.08,56.7,4.04,
2026-05-20T16:30,Halden,HR-1,MW300-4247,1500,4.29,53.8,4.21,
2026-05-20T18:20,Halden,HR-2,MW300-4247,2100,3.44,57.8,4.37,
2026-05-20T20:10,Halden,HR-3,MW300-4247,1500,4.24,50.7,4.05,
2026-05-20T22:00,Halden,HR-1,MW300-4248,900,2.88,49.4,3.22,
2026-05-20T23:50,Halden,HR-2,MW300-4248,1200,3.74,54.0,4.07,
2026-05-21T01:40,Halden,HR-3,MW300-4248,1500,3.67,51.5,4.09,
2026-05-21T03:30,Halden,HR-1,MW300-4248,1200,3.93,53.7,3.57,
2026-05-21T05:20,Halden,HR-2,MW300-4248,900,3.51,49.0,3.2,
2026-05-21T07:10,Halden,HR-3,MW300-4248,900,2.75,48.5,3.67,
2026-05-21T09:00,Halden,HR-1,MW300-4248,2100,4.45,60.8,4.73,
2026-05-21T10:50,Halden,HR-2,MW300-4248,1800,3.11,54.7,4.14,
2026-05-21T12:40,Halden,HR-3,MW300-4248,1200,3.42,51.6,3.6,
2026-05-21T14:30,Halden,HR-1,MW300-4248,900,3.69,47.9,3.19,
2026-05-21T16:20,Halden,HR-2,MW300-4248,2100,3.62,56.8,4.84,
2026-05-21T18:10,Halden,HR-3,MW300-4248,1200,2.6,53.3,3.96,
2026-05-21T20:00,Halden,HR-1,MW300-4249,2100,3.39,59.9,4.72,
2026-05-21T21:50,Halden,HR-2,MW300-4249,1500,3.26,56.0,3.87,
2026-05-21T23:40,Halden,HR-3,MW300-4249,1800,3.61,54.3,4.14,
2026-05-22T01:30,Halden,HR-1,MW300-4249,1800,3.41,58.5,4.44,
2026-05-22T03:20,Halden,HR-2,MW300-4249,1500,3.27,50.8,4.3,
2026-05-22T05:10,Halden,HR-3,MW300-4249,1800,4.25,54.2,4.4,
2026-05-22T07:00,Halden,HR-1,MW300-4249,1200,2.96,52.2,3.86,
2026-05-22T08:50,Halden,HR-2,MW300-4249,2100,4.6,56.7,4.55,
2026-05-22T10:40,Halden,HR-3,MW300-4249,1200,3.25,49.8,3.44,
2026-05-22T12:30,Halden,HR-1,MW300-4249,1800,4.6,55.0,4.78,
2026-05-22T14:20,Halden,HR-2,MW300-4249,1200,3.53,50.8,3.48,
2026-05-22T16:10,Halden,HR-3,MW300-4249,1500,3.37,50.9,4.29,
2026-05-22T18:00,Halden,HR-1,MW300-4250,2100,4.18,59.8,4.92,
2026-05-22T19:50,Halden,HR-2,MW300-4250,1500,3.78,52.3,3.67,guard
2026-05-22T21:40,Halden,HR-3,MW300-4250,1200,3.04,51.1,3.39,
2026-05-22T23:30,Halden,HR-1,MW300-4250,1500,3.03,55.5,4.18,
2026-05-23T01:20,Halden,HR-2,MW300-4250,2100,3.57,59.2,4.91,
2026-05-23T03:10,Halden,HR-3,MW300-4250,1800,3.53,53.2,4.55,
2026-05-23T05:00,Halden,HR-1,MW300-4250,1200,2.72,50.5,3.4,
2026-05-23T06:50,Halden,HR-2,MW300-4250,1500,4.04,55.5,3.86,
2026-05-23T08:40,Halden,HR-3,MW300-4250,900,3.6,49.8,3.34,
2026-05-23T10:30,Halden,HR-1,MW300-4250,1200,2.72,51.8,3.94,
2026-05-23T12:20,Halden,HR-2,MW300-4250,1500,2.95,51.6,4.32,
2026-05-23T14:10,Halden,HR-3,MW300-4250,900,2.35,46.1,3.31,
2026-05-23T16:00,Halden,HR-1,MW300-4251,2100,3.39,60.0,5.09,
2026-05-23T17:50,Halden,HR-2,MW300-4251,1200,3.48,51.5,3.87,
2026-05-23T19:40,Halden,HR-3,MW300-4251,900,2.22,48.3,3.38,
2026-05-23T21:30,Halden,HR-1,MW300-4251,1800,3.65,53.2,4.45,
2026-05-23T23:20,Halden,HR-2,MW300-4251,1500,2.98,52.7,3.81,
2026-05-24T01:10,Halden,HR-3,MW300-4251,1200,3.98,51.3,4.12,
2026-05-24T03:00,Halden,HR-1,MW300-4251,1500,4.08,51.7,3.7,
2026-05-24T04:50,Halden,HR-2,MW300-4251,2100,4.09,60.3,4.85,
2026-05-24T06:40,Halden,HR-3,MW300-4251,2100,4.7,56.1,5.1,
2026-05-24T08:30,Halden,HR-1,MW300-4251,1500,3.45,56.3,4.28,
2026-05-24T10:20,Halden,HR-2,MW300-4251,2100,3.92,58.1,4.5,
2026-05-24T12:10,Halden,HR-3,MW300-4251,2100,4.19,57.0,4.55,
2026-05-24T14:00,Halden,HR-1,MW300-4252,2100,3.54,60.1,4.52,
2026-05-24T15:50,Halden,HR-2,MW300-4252,1800,3.54,58.1,4.67,
2026-05-24T17:40,Halden,HR-3,MW300-4252,1200,3.6,49.7,3.34,
2026-05-24T19:30,Halden,HR-1,MW300-4252,1500,4.22,56.0,4.4,
2026-05-24T21:20,Halden,HR-2,MW300-4252,900,2.38,51.4,3.02,
2026-05-24T23:10,Halden,HR-3,MW300-4252,1800,4.58,53.5,4.05,
2026-05-25T01:00,Halden,HR-1,MW300-4252,2100,4.43,61.4,4.88,
2026-05-25T02:50,Halden,HR-2,MW300-4252,900,3.24,49.9,3.05,
2026-05-25T04:40,Halden,HR-3,MW300-4252,1500,3.24,51.8,3.79,
2026-05-25T06:30,Halden,HR-1,MW300-4252,1500,2.81,55.2,4.3,
2026-05-25T08:20,Halden,HR-2,MW300-4252,2100,4.72,57.7,4.35,
2026-05-25T10:10,Halden,HR-3,MW300-4252,1200,3.5,52.1,4.03,
2026-05-25T12:00,Halden,HR-1,MW300-4253,1800,3.14,54.4,4.42,
2026-05-25T13:50,Halden,HR-2,MW300-4253,1800,4.5,53.6,4.27,
2026-05-25T15:40,Halden,HR-3,MW300-4253,900,2.11,46.1,3.72,
2026-05-25T17:30,Halden,HR-1,MW300-4253,1500,4.02,54.1,4.46,
2026-05-25T19:20,Halden,HR-2,MW300-4253,1200,3.95,50.0,3.54,
2026-05-25T21:10,Halden,HR-3,MW300-4253,1800,3.91,57.9,4.29,
2026-05-25T23:00,Halden,HR-1,MW300-4253,1800,3.5,57.7,4.52,
2026-05-26T00:50,Halden,HR-2,MW300-4253,900,3.66,47.2,3.33,
2026-05-26T02:40,Halden,HR-3,MW300-4253,900,3.19,49.6,3.14,
2026-05-26T04:30,Halden,HR-1,MW300-4253,2100,4.52,55.7,4.58,
2026-05-26T06:20,Halden,HR-2,MW300-4253,900,2.42,46.5,3.64,
2026-05-26T08:10,Halden,HR-3,MW300-4253,1500,2.82,55.6,4.16,
2026-05-26T10:00,Halden,HR-1,MW300-4254,1200,2.85,49.3,3.4,
2026-05-26T11:50,Halden,HR-2,MW300-4254,900,3.09,49.2,3.2,
2026-05-26T13:40,Halden,HR-3,MW300-4254,1500,3.63,52.8,3.76,
2026-05-26T15:30,Halden,HR-1,MW300-4254,900,2.94,47.3,3.51,
2026-05-26T17:20,Halden,HR-2,MW300-4254,1200,3.3,53.3,3.56,
2026-05-26T19:10,Halden,HR-3,MW300-4254,1500,2.96,53.0,3.69,
2026-05-26T21:00,Halden,HR-1,MW300-4254,900,2.35,51.2,3.7,
2026-05-26T22:50,Halden,HR-2,MW300-4254,2100,3.89,60.1,4.91,
2026-05-27T00:40,Halden,HR-3,MW300-4254,1200,2.64,52.2,3.93,
2026-05-27T02:30,Halden,HR-1,MW300-4254,900,3.66,47.1,3.73,
2026-05-27T04:20,Halden,HR-2,MW300-4254,2100,4.78,58.7,5.05,
2026-05-27T06:10,Halden,HR-3,MW300-4254,2100,4.53,61.1,4.59,
2026-05-27T08:00,Halden,HR-1,MW300-4255,1800,3.04,57.9,4.38,
2026-05-27T09:50,Halden,HR-2,MW300-4255,1800,3.61,59.0,4.41,
2026-05-27T11:40,Halden,HR-3,MW300-4255,1200,3.45,51.7,3.63,
2026-05-27T13:30,Halden,HR-1,MW300-4255,1800,4.26,58.0,4.36,
2026-05-27T15:20,Halden,HR-2,MW300-4255,1200,2.47,51.7,3.37,
2026-05-27T17:10,Halden,HR-3,MW300-4255,1800,3.68,54.6,4.01,
2026-05-27T19:00,Halden,HR-1,MW300-4255,900,3.59,51.4,3.21,
2026-05-27T20:50,Halden,HR-2,MW300-4255,900,3.53,46.7,3.35,
2026-05-27T22:40,Halden,HR-3,MW300-4255,2100,4.37,60.3,5.13,
2026-05-28T00:30,Halden,HR-1,MW300-4255,2100,4.61,56.4,4.52,
2026-05-28T02:20,Halden,HR-2,MW300-4255,1500,3.55,54.5,3.78,
2026-05-28T04:10,Halden,HR-3,MW300-4255,1500,3.82,53.3,4.4,
2026-05-28T06:00,Halden,HR-1,MW300-4256,2100,3.81,57.1,5.02,
2026-05-28T07:50,Halden,HR-2,MW300-4256,2100,4.36,56.1,4.6,
2026-05-28T09:40,Halden,HR-3,MW300-4256,1200,3.29,49.1,3.67,
2026-05-28T11:30,Halden,HR-1,MW300-4256,900,2.6,47.7,3.65,
2026-05-28T13:20,Halden,HR-2,MW300-4256,1200,3.42,49.1,3.6,
2026-05-28T15:10,Halden,HR-3,MW300-4256,1200,2.76,50.8,3.65,
2026-05-28T17:00,Halden,HR-1,MW300-4256,900,3.6,49.4,3.78,
2026-05-28T18:50,Halden,HR-2,MW300-4256,1200,3.26,48.1,4.09,
2026-05-28T20:40,Halden,HR-3,MW300-4256,900,2.15,50.3,3.17,
2026-05-28T22:30,Halden,HR-1,MW300-4256,900,2.82,48.5,3.42,
2026-05-29T00:20,Halden,HR-2,MW300-4256,1200,2.79,48.5,3.42,
2026-05-29T02:10,Halden,HR-3,MW300-4256,900,3.6,50.7,3.05,
2026-05-29T04:00,Halden,HR-1,MW300-4257,1500,3.33,55.8,4.45,
2026-05-29T05:50,Halden,HR-2,MW300-4257,2100,4.03,60.8,4.36,
2026-05-29T07:40,Halden,HR-3,MW300-4257,2100,4.9,56.5,4.96,
2026-05-29T09:30,Halden,HR-1,MW300-4257,1800,4.26,55.1,4.27,
2026-05-29T11:20,Halden,HR-2,MW300-4257,2100,3.34,56.9,5.03,
2026-05-29T13:10,Halden,HR-3,MW300-4257,1500,3.41,53.8,4.27,
2026-05-29T15:00,Halden,HR-1,MW300-4257,2100,4.11,59.7,4.87,
2026-05-29T16:50,Halden,HR-2,MW300-4257,2100,4.64,56.2,4.62,
2026-05-29T18:40,Halden,HR-3,MW300-4257,1200,2.94,49.7,3.71,
2026-05-29T20:30,Halden,HR-1,MW300-4257,1200,3.23,50.7,3.69,
2026-05-29T22:20,Halden,HR-2,MW300-4257,1200,3.02,50.5,3.59,
2026-05-30T00:10,Halden,HR-3,MW300-4257,1800,4.52,56.9,4.73,
2026-05-30T02:00,Halden,HR-1,MW300-4258,900,3.53,48.6,3.03,
2026-05-30T03:50,Halden,HR-2,MW300-4258,1200,2.48,53.2,3.83,
2026-05-30T05:40,Halden,HR-3,MW300-4258,2100,3.52,57.9,4.89,
2026-05-30T07:30,Halden,HR-1,MW300-4258,2100,4.01,56.0,4.62,
2026-05-30T09:20,Halden,HR-2,MW300-4258,1500,4.27,55.5,4.37,
2026-05-30T11:10,Halden,HR-3,MW300-4258,1800,4.12,58.8,4.11,
2026-05-30T13:00,Halden,HR-1,MW300-4258,900,2.39,46.6,3.22,
2026-05-30T14:50,Halden,HR-2,MW300-4258,1500,3.04,51.4,4.2,
2026-05-30T16:40,Halden,HR-3,MW300-4258,900,3.68,45.5,3.66,
2026-05-30T18:30,Halden,HR-1,MW300-4258,900,2.92,46.3,3.3,
2026-05-30T20:20,Halden,HR-2,MW300-4258,900,3.67,50.0,3.75,
2026-05-30T22:10,Halden,HR-3,MW300-4258,1800,4.45,56.2,4.58,
2026-05-31T00:00,Halden,HR-1,MW300-4259,900,2.5,47.6,3.26,
2026-05-31T01:50,Halden,HR-2,MW300-4259,900,3.39,50.7,3.29,
2026-05-31T03:40,Halden,HR-3,MW300-4259,2100,3.67,55.8,4.77,
2026-05-31T05:30,Halden,HR-1,MW300-4259,2100,3.82,59.9,5.08,
2026-05-31T07:20,Halden,HR-2,MW300-4259,900,3.58,45.6,3.39,
2026-05-31T09:10,Halden,HR-3,MW300-4259,2100,3.43,59.5,4.34,guard
2026-05-31T11:00,Halden,HR-1,MW300-4259,900,3.65,50.8,3.17,
2026-05-31T12:50,Halden,HR-2,MW300-4259,1500,3.65,50.8,3.76,
2026-05-31T14:40,Halden,HR-3,MW300-4259,1200,3.44,52.8,3.46,
2026-05-31T16:30,Halden,HR-1,MW300-4259,1800,3.38,54.2,4.4,
2026-05-31T18:20,Halden,HR-2,MW300-4259,2100,3.31,58.7,4.66,
2026-05-31T20:10,Halden,HR-3,MW300-4259,2100,4.26,58.5,5.13,
2026-05-31T22:00,Halden,HR-1,MW300-4260,1800,3.74,58.0,4.75,
2026-05-31T23:50,Halden,HR-2,MW300-4260,2100,3.63,58.6,5.01,
2026-06-01T01:40,Halden,HR-3,MW300-4260,2100,4.58,57.0,4.44,
2026-06-01T03:30,Halden,HR-1,MW300-4260,1200,3.94,49.0,3.54,
2026-06-01T05:20,Halden,HR-2,MW300-4260,1800,3.54,53.9,4.72,
2026-06-01T07:10,Halden,HR-3,MW300-4260,2100,3.6,60.6,5.06,
2026-06-01T09:00,Halden,HR-1,MW300-4260,2100,3.43,55.7,4.88,
2026-06-01T10:50,Halden,HR-2,MW300-4260,900,3.15,47.4,3.2,
2026-06-01T12:40,Halden,HR-3,MW300-4260,2100,3.38,60.9,4.81,
2026-06-01T14:30,Halden,HR-1,MW300-4260,1800,3.19,55.3,4.24,
2026-06-01T16:20,Halden,HR-2,MW300-4260,900,3.66,48.9,3.46,
2026-06-01T18:10,Halden,HR-3,MW300-4260,1800,3.01,58.9,4.71,
2026-06-01T20:00,Halden,HR-1,MW300-4261,1500,3.62,55.8,4.35,
2026-06-01T21:50,Halden,HR-2,MW300-4261,900,2.73,49.2,3.59,
2026-06-01T23:40,Halden,HR-3,MW300-4261,900,2.91,48.4,3.68,
2026-06-02T01:30,Halden,HR-1,MW300-4261,1500,3.31,51.6,3.97,
2026-06-02T03:20,Halden,HR-2,MW300-4261,1200,3.64,50.7,4.07,
2026-06-02T05:10,Halden,HR-3,MW300-4261,1500,2.98,52.6,4.0,
2026-06-02T07:00,Halden,HR-1,MW300-4261,900,2.34,47.0,3.09,
2026-06-02T08:50,Halden,HR-2,MW300-4261,1800,3.18,54.6,4.08,
2026-06-02T10:40,Halden,HR-3,MW300-4261,2100,4.36,59.7,4.93,
2026-06-02T12:30,Halden,HR-1,MW300-4261,1800,4.43,54.8,4.14,
2026-06-02T14:20,Halden,HR-2,MW300-4261,1200,2.73,48.2,4.12,
2026-06-02T16:10,Halden,HR-3,MW300-4261,900,2.27,48.9,3.45,
2026-06-02T18:00,Halden,HR-1,MW300-4262,2100,3.31,56.8,4.54,
2026-06-02T19:50,Halden,HR-2,MW300-4262,900,3.3,51.3,3.33,
2026-06-02T21:40,Halden,HR-3,MW300-4262,2100,3.45,56.2,4.52,
2026-06-02T23:30,Halden,HR-1,MW300-4262,900,3.17,49.4,3.17,
2026-06-03T01:20,Halden,HR-2,MW300-4262,900,3.0,46.5,3.4,
2026-06-03T03:10,Halden,HR-3,MW300-4262,2100,4.76,56.7,4.42,
2026-06-03T05:00,Halden,HR-1,MW300-4262,1800,3.91,53.8,4.66,
2026-06-03T06:50,Halden,HR-2,MW300-4262,1500,2.87,53.9,3.82,
2026-06-03T08:40,Halden,HR-3,MW300-4262,900,3.2,50.3,3.8,
2026-06-03T10:30,Halden,HR-1,MW300-4262,1500,3.62,56.0,4.01,
2026-06-03T12:20,Halden,HR-2,MW300-4262,1200,3.54,48.1,4.09,
2026-06-03T14:10,Halden,HR-3,MW300-4262,1200,3.27,52.8,3.68,
2026-06-03T16:00,Halden,HR-1,MW300-4263,1800,3.81,57.1,4.06,
2026-06-03T17:50,Halden,HR-2,MW300-4263,1200,2.75,49.0,3.66,
2026-06-03T19:40,Halden,HR-3,MW300-4263,1200,3.22,50.8,3.67,
2026-06-03T21:30,Halden,HR-1,MW300-4263,1200,3.18,50.9,3.81,
2026-06-03T23:20,Halden,HR-2,MW300-4263,2100,3.87,57.5,4.96,
2026-06-04T01:10,Halden,HR-3,MW300-4263,2100,4.5,57.4,4.99,
2026-06-04T03:00,Halden,HR-1,MW300-4263,2100,3.74,56.3,4.74,
2026-06-04T04:50,Halden,HR-2,MW300-4263,1200,3.9,48.7,4.01,
2026-06-04T06:40,Halden,HR-3,MW300-4263,1500,2.87,54.3,3.93,
2026-06-04T08:30,Halden,HR-1,MW300-4263,2100,3.39,61.2,4.97,
2026-06-04T10:20,Halden,HR-2,MW300-4263,1800,4.07,56.9,4.37,
2026-06-04T12:10,Halden,HR-3,MW300-4263,900,2.19,49.2,3.12,
2026-06-04T14:00,Halden,HR-1,MW300-4264,1200,2.62,51.5,3.54,
2026-06-04T15:50,Halden,HR-2,MW300-4264,900,2.68,50.0,3.22,
2026-06-04T17:40,Halden,HR-3,MW300-4264,2100,3.66,57.1,4.37,
2026-06-04T19:30,Halden,HR-1,MW300-4264,1200,2.48,49.0,4.1,
2026-06-04T21:20,Halden,HR-2,MW300-4264,1200,3.97,49.4,3.57,
2026-06-04T23:10,Halden,HR-3,MW300-4264,1800,4.37,58.2,4.03,
2026-06-05T01:00,Halden,HR-1,MW300-4264,2100,3.96,55.7,4.66,
2026-06-05T02:50,Halden,HR-2,MW300-4264,900,3.23,48.4,3.46,
2026-06-05T04:40,Halden,HR-3,MW300-4264,2100,4.29,58.9,4.61,
2026-06-05T06:30,Halden,HR-1,MW300-4264,1500,3.28,55.5,3.87,
2026-06-05T08:20,Halden,HR-2,MW300-4264,1200,3.33,53.2,3.94,
2026-06-05T10:10,Halden,HR-3,MW300-4264,1800,4.5,53.2,4.02,
2026-06-05T12:00,Halden,HR-1,MW300-4265,1500,3.39,51.8,4.23,
2026-06-05T13:50,Halden,HR-2,MW300-4265,1500,3.68,55.2,4.14,
2026-06-05T15:40,Halden,HR-3,MW300-4265,1200,4.0,48.0,3.95,
2026-06-05T17:30,Halden,HR-1,MW300-4265,1500,4.17,52.4,4.4,
2026-06-05T19:20,Halden,HR-2,MW300-4265,1500,3.83,53.7,3.93,
2026-06-05T21:10,Halden,HR-3,MW300-4265,2100,4.85,55.9,4.43,
2026-06-05T23:00,Halden,HR-1,MW300-4265,900,3.33,47.2,3.07,
2026-06-06T00:50,Halden,HR-2,MW300-4265,1800,3.62,54.3,4.32,
2026-06-06T02:40,Halden,HR-3,MW300-4265,1500,3.39,51.8,3.88,
2026-06-06T04:30,Halden,HR-1,MW300-4265,2100,3.93,59.5,5.06,guard
2026-06-06T06:20,Halden,HR-2,MW300-4265,1500,2.95,54.9,3.82,
2026-06-06T08:10,Halden,HR-3,MW300-4265,1200,3.25,49.3,3.46,
2026-06-06T10:00,Halden,HR-1,MW300-4266,2100,4.46,60.7,4.93,
2026-06-06T11:50,Halden,HR-2,MW300-4266,1500,4.09,53.7,4.18,
2026-06-06T13:40,Halden,HR-3,MW300-4266,1800,3.93,53.7,4.23,
2026-06-06T15:30,Halden,HR-1,MW300-4266,1200,2.92,49.6,3.47,
2026-06-06T17:20,Halden,HR-2,MW300-4266,1200,2.51,49.1,3.69,
2026-06-06T19:10,Halden,HR-3,MW300-4266,900,2.83,50.2,3.34,
2026-06-06T21:00,Halden,HR-1,MW300-4266,1200,3.3,51.2,3.66,
2026-06-06T22:50,Halden,HR-2,MW300-4266,1800,4.14,58.3,4.49,
2026-06-07T00:40,Halden,HR-3,MW300-4266,1200,3.23,50.5,3.5,
2026-06-07T02:30,Halden,HR-1,MW300-4266,900,3.29,47.3,3.04,
2026-06-07T04:20,Halden,HR-2,MW300-4266,900,3.37,49.5,3.05,
2026-06-07T06:10,Halden,HR-3,MW300-4266,2100,3.58,55.9,4.49,
2026-06-07T08:00,Halden,HR-1,MW300-4267,1200,2.7,53.6,3.35,
2026-06-07T09:50,Halden,HR-2,MW300-4267,1200,2.87,52.2,3.81,
2026-06-07T11:40,Halden,HR-3,MW300-4267,1800,3.94,56.3,4.1,
2026-06-07T13:30,Halden,HR-1,MW300-4267,1200,3.63,48.2,3.7,
2026-06-07T15:20,Halden,HR-2,MW300-4267,1200,3.87,50.0,3.58,
2026-06-07T17:10,Halden,HR-3,MW300-4267,1800,3.37,56.4,4.21,
2026-06-07T19:00,Halden,HR-1,MW300-4267,2100,3.33,56.4,4.92,
2026-06-07T20:50,Halden,HR-2,MW300-4267,900,3.48,51.1,3.72,
2026-06-07T22:40,Halden,HR-3,MW300-4267,1200,2.94,49.5,3.88,
2026-06-08T00:30,Halden,HR-1,MW300-4267,900,2.43,46.6,3.62,
2026-06-08T02:20,Halden,HR-2,MW300-4267,1200,3.17,48.9,3.78,
2026-06-08T04:10,Halden,HR-3,MW300-4267,1500,3.3,55.7,3.67,
2026-06-08T06:00,Halden,HR-1,MW300-4268,2100,4.38,56.6,4.43,
2026-06-08T07:50,Halden,HR-2,MW300-4268,2100,4.26,58.0,4.35,
2026-06-08T09:40,Halden,HR-3,MW300-4268,1200,2.4,52.3,3.67,
2026-06-08T11:30,Halden,HR-1,MW300-4268,2100,3.58,61.3,4.84,
2026-06-08T13:20,Halden,HR-2,MW300-4268,900,3.11,45.7,3.68,
2026-06-08T15:10,Halden,HR-3,MW300-4268,1200,3.59,52.7,3.43,
2026-06-08T17:00,Halden,HR-1,MW300-4268,2100,4.08,59.6,5.01,
2026-06-08T18:50,Halden,HR-2,MW300-4268,1800,3.24,58.2,4.66,
2026-06-08T20:40,Halden,HR-3,MW300-4268,1800,3.02,54.1,4.09,
2026-06-08T22:30,Halden,HR-1,MW300-4268,900,2.78,46.4,3.71,
2026-06-09T00:20,Halden,HR-2,MW300-4268,1800,3.9,57.5,4.08,
2026-06-09T02:10,Halden,HR-3,MW300-4268,1200,2.79,48.5,3.9,
2026-06-09T04:00,Halden,HR-1,MW300-4269,1800,3.16,54.3,4.79,
2026-06-09T05:50,Halden,HR-2,MW300-4269,1200,3.15,48.1,3.99,
2026-06-09T07:40,Halden,HR-3,MW300-4269,1800,3.84,57.8,4.3,
2026-06-09T09:30,Halden,HR-1,MW300-4269,1500,3.34,56.1,4.33,guard
2026-06-09T11:20,Halden,HR-2,MW300-4269,900,3.61,47.0,3.37,
2026-06-09T13:10,Halden,HR-3,MW300-4269,1200,3.73,49.7,3.61,
2026-06-09T15:00,Halden,HR-1,MW300-4269,900,3.65,46.8,3.45,
2026-06-09T16:50,Halden,HR-2,MW300-4269,900,3.13,49.9,3.4,
2026-06-09T18:40,Halden,HR-3,MW300-4269,1200,3.96,53.0,3.92,
2026-06-09T20:30,Halden,HR-1,MW300-4269,900,2.8,51.2,3.39,
2026-06-09T22:20,Halden,HR-2,MW300-4269,1500,3.22,55.9,3.8,
2026-06-10T00:10,Halden,HR-3,MW300-4269,1200,3.44,51.0,3.88,
2026-06-10T02:00,Halden,HR-1,MW300-4270,1500,3.6,53.5,3.94,
2026-06-10T03:50,Halden,HR-2,MW300-4270,2100,4.48,60.1,4.52,
2026-06-10T05:40,Halden,HR-3,MW300-4270,1500,3.93,53.2,3.74,guard
2026-06-10T07:30,Halden,HR-1,MW300-4270,1200,2.41,48.1,4.04,
2026-06-10T09:20,Halden,HR-2,MW300-4270,1800,3.99,54.5,4.15,
2026-06-10T11:10,Halden,HR-3,MW300-4270,1200,3.81,53.1,3.8,
2026-06-10T13:00,Halden,HR-1,MW300-4270,2100,4.11,61.1,4.37,
2026-06-10T14:50,Halden,HR-2,MW300-4270,2100,4.3,59.2,5.11,
2026-06-10T16:40,Halden,HR-3,MW300-4270,2100,3.93,58.6,4.74,
2026-06-10T18:30,Halden,HR-1,MW300-4270,1500,3.02,51.2,3.98,
2026-06-10T20:20,Halden,HR-2,MW300-4270,900,3.34,46.0,3.04,
2026-06-10T22:10,Halden,HR-3,MW300-4270,900,3.48,47.4,3.43,
2026-06-11T00:00,Halden,HR-1,MW300-4271,900,3.44,47.4,3.23,
2026-06-11T01:50,Halden,HR-2,MW300-4271,2100,4.9,61.4,4.67,
2026-06-11T03:40,Halden,HR-3,MW300-4271,1200,2.79,51.1,3.42,
2026-06-11T05:30,Halden,HR-1,MW300-4271,1800,3.16,54.2,4.43,
2026-06-11T07:20,Halden,HR-2,MW300-4271,2100,3.94,60.3,4.51,
2026-06-11T09:10,Halden,HR-3,MW300-4271,1200,3.98,52.0,3.56,
2026-06-11T11:00,Halden,HR-1,MW300-4271,1200,3.8,53.2,3.73,
2026-06-11T12:50,Halden,HR-2,MW300-4271,1200,3.8,52.1,4.12,
2026-06-11T14:40,Halden,HR-3,MW300-4271,1200,3.74,50.8,4.05,
2026-06-11T16:30,Halden,HR-1,MW300-4271,2100,4.76,59.8,4.62,
2026-06-11T18:20,Halden,HR-2,MW300-4271,1500,4.29,56.5,4.17,
2026-06-11T20:10,Halden,HR-3,MW300-4271,1500,2.92,53.4,3.91,
2026-06-11T22:00,Halden,HR-1,MW300-4272,900,3.65,48.3,3.27,
2026-06-11T23:50,Halden,HR-2,MW300-4272,2100,4.55,61.2,4.48,
2026-06-12T01:40,Halden,HR-3,MW300-4272,1500,4.24,56.0,4.36,
2026-06-12T03:30,Halden,HR-1,MW300-4272,900,2.2,49.4,3.66,
2026-06-12T05:20,Halden,HR-2,MW300-4272,1800,4.37,55.9,4.18,
2026-06-12T07:10,Halden,HR-3,MW300-4272,1200,2.8,51.5,3.68,
2026-06-12T09:00,Halden,HR-1,MW300-4272,1200,3.43,50.6,3.37,
2026-06-12T10:50,Halden,HR-2,MW300-4272,1800,4.21,53.5,4.06,
2026-06-12T12:40,Halden,HR-3,MW300-4272,1800,3.24,54.5,4.46,
2026-06-12T14:30,Halden,HR-1,MW300-4272,1500,2.86,54.2,3.69,
2026-06-12T16:20,Halden,HR-2,MW300-4272,900,3.26,49.4,3.04,
2026-06-12T18:10,Halden,HR-3,MW300-4272,1800,3.96,57.1,4.07,
2026-06-12T20:00,Halden,HR-1,MW300-4273,2100,4.38,60.5,4.45,
2026-06-12T21:50,Halden,HR-2,MW300-4273,1800,4.49,56.6,4.74,
2026-06-12T23:40,Halden,HR-3,MW300-4273,1200,2.83,52.4,3.69,
2026-06-13T01:30,Halden,HR-1,MW300-4273,2100,3.64,57.7,4.5,
2026-06-13T03:20,Halden,HR-2,MW300-4273,1800,3.73,54.6,4.66,
2026-06-13T05:10,Halden,HR-3,MW300-4273,900,2.41,51.0,3.12,
2026-06-13T07:00,Halden,HR-1,MW300-4273,1200,3.43,51.7,4.09,
2026-06-13T08:50,Halden,HR-2,MW300-4273,1200,2.71,51.3,3.97,
2026-06-13T10:40,Halden,HR-3,MW300-4273,2100,3.63,59.3,4.76,
2026-06-13T12:30,Halden,HR-1,MW300-4273,1800,4.48,56.0,4.53,
2026-06-13T14:20,Halden,HR-2,MW300-4273,1800,3.12,57.5,4.39,
2026-06-13T16:10,Halden,HR-3,MW300-4273,2100,4.34,59.0,4.78,
2026-06-13T18:00,Halden,HR-1,MW300-4274,1800,3.11,54.1,4.47,
2026-06-13T19:50,Halden,HR-2,MW300-4274,1500,4.13,51.9,4.05,
2026-06-13T21:40,Halden,HR-3,MW300-4274,2100,4.44,55.8,4.41,
2026-06-13T23:30,Halden,HR-1,MW300-4274,1500,3.73,53.0,4.27,
2026-06-14T01:20,Halden,HR-2,MW300-4274,1500,4.19,53.2,4.43,
2026-06-14T03:10,Halden,HR-3,MW300-4274,1800,4.06,55.4,4.47,
2026-06-14T05:00,Halden,HR-1,MW300-4274,2100,4.37,61.4,4.95,
2026-06-14T06:50,Halden,HR-2,MW300-4274,2100,4.72,57.8,5.03,
2026-06-14T08:40,Halden,HR-3,MW300-4274,2100,4.41,59.2,4.83,
2026-06-14T10:30,Halden,HR-1,MW300-4274,1500,3.99,54.8,4.25,
2026-06-14T12:20,Halden,HR-2,MW300-4274,900,2.54,50.0,3.65,
2026-06-14T14:10,Halden,HR-3,MW300-4274,1800,3.74,53.2,4.11,
2026-06-14T16:00,Halden,HR-1,MW300-4275,1500,3.03,55.9,4.24,
2026-06-14T17:50,Halden,HR-2,MW300-4275,1500,3.86,51.0,4.06,
2026-06-14T19:40,Halden,HR-3,MW300-4275,1800,4.49,55.9,4.69,
2026-06-14T21:30,Halden,HR-1,MW300-4275,900,3.47,48.5,3.61,
2026-06-14T23:20,Halden,HR-2,MW300-4275,1800,4.39,55.9,4.22,
2026-06-15T01:10,Halden,HR-3,MW300-4275,1800,4.51,53.2,4.44,
2026-06-15T03:00,Halden,HR-1,MW300-4275,900,2.37,47.4,3.17,
2026-06-15T04:50,Halden,HR-2,MW300-4275,2100,4.58,60.3,4.48,guard
2026-06-15T06:40,Halden,HR-3,MW300-4275,1500,3.12,52.8,4.44,
2026-06-15T08:30,Halden,HR-1,MW300-4275,1800,4.38,56.0,4.03,
2026-06-15T10:20,Halden,HR-2,MW300-4275,1800,4.05,57.8,4.61,
2026-06-15T12:10,Halden,HR-3,MW300-4275,1500,3.61,54.2,3.97,
2026-06-15T14:00,Halden,HR-1,MW300-4276,2100,4.68,56.8,4.9,
2026-06-15T15:50,Halden,HR-2,MW300-4276,2100,3.99,61.3,4.59,
2026-06-15T17:40,Halden,HR-3,MW300-4276,1500,3.62,53.0,4.04,
2026-06-15T19:30,Halden,HR-1,MW300-4276,1200,3.55,50.1,3.81,
2026-06-15T21:20,Halden,HR-2,MW300-4276,1800,3.39,54.6,4.6,
2026-06-15T23:10,Halden,HR-3,MW300-4276,1800,3.51,57.8,4.49,
2026-06-16T01:00,Halden,HR-1,MW300-4276,1200,3.41,48.6,3.68,
2026-06-16T02:50,Halden,HR-2,MW300-4276,1800,4.38,58.6,4.11,
2026-06-16T04:40,Halden,HR-3,MW300-4276,1800,4.22,56.9,4.02,
2026-06-16T06:30,Halden,HR-1,MW300-4276,1500,4.14,53.1,3.77,
2026-06-16T08:20,Halden,HR-2,MW300-4276,1800,3.28,54.6,4.32,
2026-06-16T10:10,Halden,HR-3,MW300-4276,1200,3.89,48.7,3.84,
2026-06-16T12:00,Halden,HR-1,MW300-4277,900,2.69,46.6,3.6,
2026-06-16T13:50,Halden,HR-2,MW300-4277,1800,4.58,56.3,4.35,
2026-06-16T15:40,Halden,HR-3,MW300-4277,2100,4.02,56.8,4.4,
2026-06-16T17:30,Halden,HR-1,MW300-4277,1200,3.47,48.4,3.98,
2026-06-16T19:20,Halden,HR-2,MW300-4277,1200,3.71,52.6,4.07,
2026-06-16T21:10,Halden,HR-3,MW300-4277,1200,3.34,51.3,3.53,
2026-06-16T23:00,Halden,HR-1,MW300-4277,1500,2.82,53.2,3.83,
2026-06-17T00:50,Halden,HR-2,MW300-4277,2100,4.7,57.7,5.03,
2026-06-17T02:40,Halden,HR-3,MW300-4277,900,2.41,50.0,3.22,
2026-06-17T04:30,Halden,HR-1,MW300-4277,1800,3.39,58.2,4.6,
2026-06-17T06:20,Halden,HR-2,MW300-4277,1800,3.27,57.9,4.72,
2026-06-17T08:10,Halden,HR-3,MW300-4277,1800,4.15,56.1,4.1,
2026-06-17T10:00,Halden,HR-1,MW300-4278,2100,4.43,58.1,4.63,
2026-06-17T11:50,Halden,HR-2,MW300-4278,1500,3.81,53.0,4.02,
2026-06-17T13:40,Halden,HR-3,MW300-4278,2100,4.61,61.2,4.39,
2026-06-17T15:30,Halden,HR-1,MW300-4278,1800,3.97,58.8,4.03,
2026-06-17T17:20,Halden,HR-2,MW300-4278,1200,3.31,51.8,4.01,
2026-06-17T19:10,Halden,HR-3,MW300-4278,900,2.82,47.7,3.22,
2026-06-17T21:00,Halden,HR-1,MW300-4278,1800,3.5,56.8,4.51,
2026-06-17T22:50,Halden,HR-2,MW300-4278,1200,3.37,53.0,4.13,
2026-06-18T00:40,Halden,HR-3,MW300-4278,1200,3.71,52.0,3.86,
2026-06-18T02:30,Halden,HR-1,MW300-4278,900,2.9,50.0,3.31,
2026-06-18T04:20,Halden,HR-2,MW300-4278,1800,3.32,56.7,4.53,
2026-06-18T06:10,Halden,HR-3,MW300-4278,2100,3.72,56.0,4.55,
2026-06-18T08:00,Halden,HR-1,MW300-4279,2100,4.66,59.3,4.77,
2026-06-18T09:50,Halden,HR-2,MW300-4279,900,2.76,50.7,3.72,
2026-06-18T11:40,Halden,HR-3,MW300-4279,2100,3.36,60.9,4.87,
2026-06-18T13:30,Halden,HR-1,MW300-4279,1800,3.88,57.7,4.22,
2026-06-18T15:20,Halden,HR-2,MW300-4279,1500,3.79,52.7,3.92,guard
2026-06-18T17:10,Halden,HR-3,MW300-4279,2100,4.52,60.4,4.51,
2026-06-18T19:00,Halden,HR-1,MW300-4279,1200,3.22,51.3,3.34,
2026-06-18T20:50,Halden,HR-2,MW300-4279,900,3.0,45.9,3.77,
2026-06-18T22:40,Halden,HR-3,MW300-4279,900,3.55,48.6,3.06,
2026-06-19T00:30,Halden,HR-1,MW300-4279,1200,3.91,51.6,3.72,
2026-06-19T02:20,Halden,HR-2,MW300-4279,900,3.56,50.0,3.24,
2026-06-19T04:10,Halden,HR-3,MW300-4279,1800,4.3,58.9,4.57,
2026-06-19T06:00,Halden,HR-1,MW300-4280,1800,3.83,57.6,4.38,
2026-06-19T07:50,Halden,HR-2,MW300-4280,1500,2.9,51.5,3.79,
2026-06-19T09:40,Halden,HR-3,MW300-4280,1500,3.46,53.1,3.81,
2026-06-19T11:30,Halden,HR-1,MW300-4280,1200,2.72,50.1,3.98,
2026-06-19T13:20,Halden,HR-2,MW300-4280,1500,3.54,53.2,3.96,
2026-06-19T15:10,Halden,HR-3,MW300-4280,1800,3.28,53.8,4.4,
2026-06-19T17:00,Halden,HR-1,MW300-4280,1500,2.71,52.1,3.95,
2026-06-19T18:50,Halden,HR-2,MW300-4280,1200,3.37,52.4,4.1,
2026-06-19T20:40,Halden,HR-3,MW300-4280,2100,4.67,58.2,4.81,
2026-06-19T22:30,Halden,HR-1,MW300-4280,900,2.89,50.0,3.63,
2026-06-20T00:20,Halden,HR-2,MW300-4280,1200,2.83,53.0,3.73,
2026-06-20T02:10,Halden,HR-3,MW300-4280,1500,3.97,53.6,4.07,
2026-06-20T04:00,Halden,HR-1,MW300-4281,2100,4.86,56.0,4.37,
2026-06-20T05:50,Halden,HR-2,MW300-4281,1800,3.93,53.3,4.72,
2026-06-20T07:40,Halden,HR-3,MW300-4281,2100,3.88,56.0,4.73,
2026-06-20T09:30,Halden,HR-1,MW300-4281,900,2.37,49.6,3.45,
2026-06-20T11:20,Halden,HR-2,MW300-4281,1200,3.35,50.3,3.99,
2026-06-20T13:10,Halden,HR-3,MW300-4281,1800,3.52,57.2,4.33,
2026-06-20T15:00,Halden,HR-1,MW300-4281,2100,3.37,60.6,4.44,
2026-06-20T16:50,Halden,HR-2,MW300-4281,900,2.57,47.6,3.67,
2026-06-20T18:40,Halden,HR-3,MW300-4281,1200,2.64,51.3,3.85,
2026-06-20T20:30,Halden,HR-1,MW300-4281,1500,2.99,54.7,4.34,
2026-06-20T22:20,Halden,HR-2,MW300-4281,1500,3.63,53.9,3.93,
2026-06-21T00:10,Halden,HR-3,MW300-4281,1500,3.32,51.3,3.89,
2026-06-21T02:00,Halden,HR-1,MW300-4282,1500,3.16,50.9,3.91,
2026-06-21T03:50,Halden,HR-2,MW300-4282,900,3.48,51.2,3.54,
2026-06-21T05:40,Halden,HR-3,MW300-4282,2100,4.0,60.6,4.87,
2026-06-21T07:30,Halden,HR-1,MW300-4282,1500,3.79,54.3,3.9,
2026-06-21T09:20,Halden,HR-2,MW300-4282,1800,3.88,56.1,4.42,guard
2026-06-21T11:10,Halden,HR-3,MW300-4282,1200,3.51,53.6,3.81,
2026-06-21T13:00,Halden,HR-1,MW300-4282,1500,2.8,51.7,3.78,
2026-06-21T14:50,Halden,HR-2,MW300-4282,1500,3.51,55.2,4.24,
2026-06-21T16:40,Halden,HR-3,MW300-4282,1200,2.92,48.4,3.47,
2026-06-21T18:30,Halden,HR-1,MW300-4282,1500,3.66,50.8,4.11,
2026-06-21T20:20,Halden,HR-2,MW300-4282,900,3.52,49.7,3.11,
2026-06-21T22:10,Halden,HR-3,MW300-4282,2100,4.65,59.5,4.62,
2026-06-22T00:00,Halden,HR-1,MW300-4283,1800,3.56,58.3,4.09,
2026-06-22T01:50,Halden,HR-2,MW300-4283,1500,4.05,51.3,3.77,
2026-06-22T03:40,Halden,HR-3,MW300-4283,1200,3.12,50.4,3.5,
2026-06-22T05:30,Halden,HR-1,MW300-4283,2100,4.23,60.8,5.08,
2026-06-22T07:20,Halden,HR-2,MW300-4283,1500,3.1,50.8,4.44,
2026-06-22T09:10,Halden,HR-3,MW300-4283,1500,2.97,53.2,4.3,
2026-06-22T11:00,Halden,HR-1,MW300-4283,1800,3.4,56.4,4.23,
2026-06-22T12:50,Halden,HR-2,MW300-4283,1800,3.92,58.6,4.66,
2026-06-22T14:40,Halden,HR-3,MW300-4283,1200,3.61,49.5,3.37,
2026-06-22T16:30,Halden,HR-1,MW300-4283,2100,3.79,60.7,4.67,
2026-06-22T18:20,Halden,HR-2,MW300-4283,1800,3.87,56.4,4.24,
2026-06-22T20:10,Halden,HR-3,MW300-4283,1500,3.12,53.0,4.17,
2026-06-22T22:00,Halden,HR-1,MW300-4284,1800,3.93,55.3,4.63,
2026-06-22T23:50,Halden,HR-2,MW300-4284,1500,3.0,54.6,3.91,
2026-06-23T01:40,Halden,HR-3,MW300-4284,1800,3.61,58.8,4.3,
2026-06-23T03:30,Halden,HR-1,MW300-4284,1500,3.25,52.6,3.87,
2026-06-23T05:20,Halden,HR-2,MW300-4284,2100,4.16,59.3,4.6,
2026-06-23T07:10,Halden,HR-3,MW300-4284,1800,3.84,58.8,4.2,
2026-06-23T09:00,Halden,HR-1,MW300-4284,1500,3.44,55.9,4.45,
2026-06-23T10:50,Halden,HR-2,MW300-4284,900,2.42,48.8,3.16,
2026-06-23T12:40,Halden,HR-3,MW300-4284,1800,3.07,53.9,4.53,
2026-06-23T14:30,Halden,HR-1,MW300-4284,1800,4.16,53.4,4.79,
2026-06-23T16:20,Halden,HR-2,MW300-4284,1500,3.87,51.8,4.33,
2026-06-23T18:10,Halden,HR-3,MW300-4284,1200,3.42,53.0,3.6,
2026-06-23T20:00,Halden,HR-1,MW300-4285,1500,3.39,54.1,4.0,
2026-06-23T21:50,Halden,HR-2,MW300-4285,2100,4.64,58.2,4.39,
2026-06-23T23:40,Halden,HR-3,MW300-4285,900,2.37,48.8,3.05,
2026-06-24T01:30,Halden,HR-1,MW300-4285,1500,3.93,54.1,4.27,
2026-06-24T03:20,Halden,HR-2,MW300-4285,1500,3.29,55.5,3.79,
2026-06-24T05:10,Halden,HR-3,MW300-4285,1500,3.16,54.7,3.82,
2026-06-24T07:00,Halden,HR-1,MW300-4285,1200,3.73,52.1,3.88,
2026-06-24T08:50,Halden,HR-2,MW300-4285,1200,2.82,51.9,3.68,
2026-06-24T10:40,Halden,HR-3,MW300-4285,1500,2.89,53.1,4.15,
2026-06-24T12:30,Halden,HR-1,MW300-4285,2100,4.8,59.6,4.81,
2026-06-24T14:20,Halden,HR-2,MW300-4285,2100,4.07,57.7,4.74,
2026-06-24T16:10,Halden,HR-3,MW300-4285,900,2.6,49.7,3.5,
2026-06-24T18:00,Halden,HR-1,MW300-4286,1500,3.97,51.4,4.43,
2026-06-24T19:50,Halden,HR-2,MW300-4286,1800,4.02,58.4,4.18,
2026-06-24T21:40,Halden,HR-3,MW300-4286,900,2.97,50.0,3.64,
2026-06-24T23:30,Halden,HR-1,MW300-4286,1200,2.75,52.2,3.58,
2026-06-25T01:20,Halden,HR-2,MW300-4286,2100,3.9,56.6,4.49,
2026-06-25T03:10,Halden,HR-3,MW300-4286,900,3.12,50.5,3.19,
2026-06-25T05:00,Halden,HR-1,MW300-4286,2100,4.21,56.0,4.52,
2026-06-25T06:50,Halden,HR-2,MW300-4286,1200,3.05,48.9,3.74,
2026-06-25T08:40,Halden,HR-3,MW300-4286,1200,3.48,50.3,3.61,
2026-06-25T10:30,Halden,HR-1,MW300-4286,1800,3.24,56.9,4.28,
2026-06-25T12:20,Halden,HR-2,MW300-4286,900,2.47,48.1,3.2,
2026-06-25T14:10,Halden,HR-3,MW300-4286,1200,2.71,51.0,3.68,
2026-06-25T16:00,Halden,HR-1,MW300-4287,1500,4.25,53.4,4.21,
2026-06-25T17:50,Halden,HR-2,MW300-4287,1200,2.63,49.3,3.76,
2026-06-25T19:40,Halden,HR-3,MW300-4287,1500,4.06,53.5,4.21,
2026-06-25T21:30,Halden,HR-1,MW300-4287,1500,4.24,51.1,3.82,
2026-06-25T23:20,Halden,HR-2,MW300-4287,1800,3.83,57.8,4.67,
2026-06-26T01:10,Halden,HR-3,MW300-4287,1500,3.37,55.2,4.13,
2026-06-26T03:00,Halden,HR-1,MW300-4287,1500,2.71,56.0,3.76,
2026-06-26T04:50,Halden,HR-2,MW300-4287,900,2.52,46.9,3.52,
2026-06-26T06:40,Halden,HR-3,MW300-4287,1500,3.2,52.6,4.07,
2026-06-26T08:30,Halden,HR-1,MW300-4287,1800,3.57,56.3,4.21,
2026-06-26T10:20,Halden,HR-2,MW300-4287,2100,4.3,60.2,4.95,
2026-06-26T12:10,Halden,HR-3,MW300-4287,1500,2.88,54.6,4.06,
2026-06-26T14:00,Halden,HR-1,MW300-4288,1800,4.11,54.2,4.04,
2026-06-26T15:50,Halden,HR-2,MW300-4288,2100,3.62,58.2,4.44,
2026-06-26T17:40,Halden,HR-3,MW300-4288,1800,3.25,54.5,4.11,
2026-06-26T19:30,Halden,HR-1,MW300-4288,1800,3.02,53.8,4.68,
2026-06-26T21:20,Halden,HR-2,MW300-4288,900,3.49,45.9,3.38,
2026-06-26T23:10,Halden,HR-3,MW300-4288,1500,3.37,55.6,3.92,
2026-06-27T01:00,Halden,HR-1,MW300-4288,1500,3.94,52.5,4.05,
2026-06-27T02:50,Halden,HR-2,MW300-4288,1500,3.85,53.4,4.29,
2026-06-27T04:40,Halden,HR-3,MW300-4288,2100,3.71,60.8,5.01,
2026-06-27T06:30,Halden,HR-1,MW300-4288,900,2.99,50.6,3.69,
2026-06-27T08:20,Halden,HR-2,MW300-4288,900,2.84,47.6,3.27,
2026-06-27T10:10,Halden,HR-3,MW300-4288,1500,3.66,54.5,4.07,
2026-06-27T12:00,Halden,HR-1,MW300-4289,1500,3.92,55.7,3.88,
2026-06-27T13:50,Halden,HR-2,MW300-4289,1800,3.12,54.7,4.21,
2026-06-27T15:40,Halden,HR-3,MW300-4289,900,3.12,46.6,3.46,
2026-06-27T17:30,Halden,HR-1,MW300-4289,1200,3.34,51.5,3.87,
2026-06-27T19:20,Halden,HR-2,MW300-4289,1200,2.81,51.1,3.53,
2026-06-27T21:10,Halden,HR-3,MW300-4289,1200,3.4,50.3,3.49,
2026-06-27T23:00,Halden,HR-1,MW300-4289,2100,4.77,60.8,4.57,
2026-06-28T00:50,Halden,HR-2,MW300-4289,1200,2.8,49.9,3.72,
2026-06-28T02:40,Halden,HR-3,MW300-4289,1200,2.89,51.6,3.76,
2026-06-28T04:30,Halden,HR-1,MW300-4289,900,3.36,46.2,3.44,
2026-06-28T06:20,Halden,HR-2,MW300-4289,1800,3.7,57.3,4.18,
2026-06-28T08:10,Halden,HR-3,MW300-4289,1200,3.07,52.8,3.8,
2026-06-28T10:00,Halden,HR-1,MW300-4290,1500,3.76,53.7,3.94,
2026-06-28T11:50,Halden,HR-2,MW300-4290,1800,3.0,55.8,4.57,
2026-06-28T13:40,Halden,HR-3,MW300-4290,1200,2.52,49.9,3.75,
2026-06-28T15:30,Halden,HR-1,MW300-4290,900,3.27,49.6,3.74,
2026-06-28T17:20,Halden,HR-2,MW300-4290,1200,2.5,49.8,3.97,
2026-06-28T19:10,Halden,HR-3,MW300-4290,1800,4.44,54.6,4.2,
2026-06-28T21:00,Halden,HR-1,MW300-4290,1200,3.11,53.4,3.55,
2026-06-28T22:50,Halden,HR-2,MW300-4290,900,2.78,49.4,3.53,
2026-06-29T00:40,Halden,HR-3,MW300-4290,1200,4.0,53.2,4.03,
2026-06-29T02:30,Halden,HR-1,MW300-4290,1500,3.58,54.3,4.23,
2026-06-29T04:20,Halden,HR-2,MW300-4290,1800,3.33,55.6,4.66,
2026-06-29T06:10,Halden,HR-3,MW300-4290,2100,3.58,59.5,4.58,
2026-06-29T08:00,Halden,HR-1,MW300-4291,1500,2.89,56.0,4.45,
2026-06-29T09:50,Halden,HR-2,MW300-4291,1800,4.49,57.8,4.38,
2026-06-29T11:40,Halden,HR-3,MW300-4291,1800,3.71,58.9,4.14,
2026-06-29T13:30,Halden,HR-1,MW300-4291,1500,2.92,53.6,4.17,
2026-06-29T15:20,Halden,HR-2,MW300-4291,2100,3.51,59.6,4.54,
2026-06-29T17:10,Halden,HR-3,MW300-4291,1500,3.64,51.0,4.26,
2026-06-29T19:00,Halden,HR-1,MW300-4291,2100,3.95,56.1,4.89,
2026-06-29T20:50,Halden,HR-2,MW300-4291,900,3.51,48.2,3.03,
2026-06-29T22:40,Halden,HR-3,MW300-4291,2100,4.32,56.0,5.13,
2026-06-30T00:30,Halden,HR-1,MW300-4291,1800,3.99,54.0,4.47,
2026-06-30T02:20,Halden,HR-2,MW300-4291,1200,3.58,53.9,3.6,
2026-06-30T04:10,Halden,HR-3,MW300-4291,2100,3.75,56.1,4.6,
2026-06-30T06:00,Halden,HR-1,MW300-4292,1800,3.26,53.3,4.53,
2026-06-30T07:50,Halden,HR-2,MW300-4292,900,2.82,48.6,3.64,
2026-06-30T09:40,Halden,HR-3,MW300-4292,1800,3.35,54.0,4.74,
2026-06-30T11:30,Halden,HR-1,MW300-4292,1800,3.63,58.7,4.0,
2026-06-30T13:20,Halden,HR-2,MW300-4292,900,3.35,47.9,3.18,
2026-06-30T15:10,Halden,HR-3,MW300-4292,2100,4.03,55.5,4.72,
2026-06-30T17:00,Halden,HR-1,MW300-4292,900,2.71,47.8,3.64,
2026-06-30T18:50,Halden,HR-2,MW300-4292,1500,2.91,53.4,4.45,
2026-06-30T20:40,Halden,HR-3,MW300-4292,2100,3.8,59.2,4.64,
2026-06-30T22:30,Halden,HR-1,MW300-4292,1200,3.0,49.1,3.83,
2026-07-01T00:20,Halden,HR-2,MW300-4292,1800,4.59,58.7,4.63,
2026-07-01T02:10,Halden,HR-3,MW300-4292,1200,3.91,50.2,3.85,
2026-07-01T04:00,Halden,HR-1,MW300-4293,2100,3.65,56.8,4.69,
2026-07-01T05:50,Halden,HR-2,MW300-4293,1500,3.21,54.0,4.06,
2026-07-01T07:40,Halden,HR-3,MW300-4293,2100,4.87,55.7,4.71,
2026-07-01T09:30,Halden,HR-1,MW300-4293,1200,3.61,51.5,4.13,
2026-07-01T11:20,Halden,HR-2,MW300-4293,1500,2.82,56.1,3.68,
2026-07-01T13:10,Halden,HR-3,MW300-4293,1500,3.06,54.7,4.06,
2026-07-01T15:00,Halden,HR-1,MW300-4293,2100,4.08,59.8,4.95,
2026-07-01T16:50,Halden,HR-2,MW300-4293,900,2.56,47.7,3.64,
2026-07-01T18:40,Halden,HR-3,MW300-4293,1500,3.58,53.3,4.4,
2026-07-01T20:30,Halden,HR-1,MW300-4293,1500,3.91,50.9,3.85,
2026-07-01T22:20,Halden,HR-2,MW300-4293,2100,3.81,57.1,4.9,
2026-07-02T00:10,Halden,HR-3,MW300-4293,1500,3.02,55.5,4.45,
2026-07-02T02:00,Halden,HR-1,MW300-4294,900,2.27,46.7,3.41,
2026-07-02T03:50,Halden,HR-2,MW300-4294,1200,2.96,51.5,3.39,
2026-07-02T05:40,Halden,HR-3,MW300-4294,1200,3.33,50.5,4.03,
2026-07-02T07:30,Halden,HR-1,MW300-4294,1800,3.86,58.9,4.39,
2026-07-02T09:20,Halden,HR-2,MW300-4294,1500,3.57,53.5,4.45,
2026-07-02T11:10,Halden,HR-3,MW300-4294,900,3.64,51.1,3.67,
2026-07-02T13:00,Halden,HR-1,MW300-4294,900,2.48,49.7,3.2,
2026-07-02T14:50,Halden,HR-2,MW300-4294,1500,4.3,55.4,4.17,
2026-07-02T16:40,Halden,HR-3,MW300-4294,900,2.3,48.9,3.75,
2026-07-02T18:30,Halden,HR-1,MW300-4294,1800,3.66,56.5,4.53,
2026-07-02T20:20,Halden,HR-2,MW300-4294,1800,3.53,55.6,4.11,
2026-07-02T22:10,Halden,HR-3,MW300-4294,1200,2.58,53.3,3.69,
2026-07-03T00:00,Halden,HR-1,MW300-4295,1200,2.49,52.0,3.86,
2026-07-03T01:50,Halden,HR-2,MW300-4295,1500,3.67,52.5,4.24,
2026-07-03T03:40,Halden,HR-3,MW300-4295,1500,2.85,51.1,4.17,
2026-07-03T05:30,Halden,HR-1,MW300-4295,1500,3.58,54.3,4.17,
2026-07-03T07:20,Halden,HR-2,MW300-4295,2100,4.57,57.6,4.64,
2026-07-03T09:10,Halden,HR-3,MW300-4295,2100,4.21,55.7,4.91,
2026-07-03T11:00,Halden,HR-1,MW300-4295,1200,2.99,49.1,4.04,
2026-07-03T12:50,Halden,HR-2,MW300-4295,1500,2.94,52.1,4.3,
2026-07-03T14:40,Halden,HR-3,MW300-4295,1500,2.98,50.8,3.83,
2026-07-03T16:30,Halden,HR-1,MW300-4295,900,3.28,50.0,3.53,
2026-07-03T18:20,Halden,HR-2,MW300-4295,1500,4.21,55.1,4.15,
2026-07-03T20:10,Halden,HR-3,MW300-4295,1200,2.95,53.6,3.59,
2026-07-03T22:00,Halden,HR-1,MW300-4296,1200,3.3,50.2,3.35,
2026-07-03T23:50,Halden,HR-2,MW300-4296,1200,3.33,49.3,3.57,
2026-07-04T01:40,Halden,HR-3,MW300-4296,2100,4.16,57.6,4.5,
2026-07-04T03:30,Halden,HR-1,MW300-4296,900,2.76,50.5,3.32,
2026-07-04T05:20,Halden,HR-2,MW300-4296,2100,4.41,59.7,4.69,
2026-07-04T07:10,Halden,HR-3,MW300-4296,900,3.63,48.3,3.35,
2026-07-04T09:00,Halden,HR-1,MW300-4296,1200,2.89,52.3,3.47,
2026-07-04T10:50,Halden,HR-2,MW300-4296,900,3.6,49.1,3.26,
2026-07-04T12:40,Halden,HR-3,MW300-4296,900,2.47,51.0,3.56,
2026-07-04T14:30,Halden,HR-1,MW300-4296,1200,3.12,50.5,4.01,
2026-07-04T16:20,Halden,HR-2,MW300-4296,2100,4.68,60.1,5.1,
2026-07-04T18:10,Halden,HR-3,MW300-4296,900,3.4,48.3,3.48,
2026-07-04T20:00,Halden,HR-1,MW300-4297,1500,3.39,53.7,4.35,
2026-07-04T21:50,Halden,HR-2,MW300-4297,1500,3.07,50.7,3.82,
2026-07-04T23:40,Halden,HR-3,MW300-4297,1500,3.19,56.0,4.43,
2026-07-05T01:30,Halden,HR-1,MW300-4297,1500,3.77,55.6,4.19,
2026-07-05T03:20,Halden,HR-2,MW300-4297,2100,3.85,57.7,5.12,
2026-07-05T05:10,Halden,HR-3,MW300-4297,1200,2.42,51.3,3.44,
2026-07-05T07:00,Halden,HR-1,MW300-4297,1800,3.53,58.8,4.01,
2026-07-05T08:50,Halden,HR-2,MW300-4297,2100,4.77,58.4,4.68,
2026-07-05T10:40,Halden,HR-3,MW300-4297,1800,3.58,58.2,4.48,
2026-07-05T12:30,Halden,HR-1,MW300-4297,2100,4.06,59.2,4.89,
2026-07-05T14:20,Halden,HR-2,MW300-4297,1500,4.21,54.5,4.4,
2026-07-05T16:10,Halden,HR-3,MW300-4297,1500,2.97,51.5,3.7,
2026-07-05T18:00,Halden,HR-1,MW300-4298,900,2.73,49.7,3.07,
2026-07-05T19:50,Halden,HR-2,MW300-4298,1500,3.37,54.0,4.39,
2026-07-05T21:40,Halden,HR-3,MW300-4298,900,3.51,48.8,3.71,
2026-07-05T23:30,Halden,HR-1,MW300-4298,2100,4.54,56.8,4.64,
2026-07-06T01:20,Halden,HR-2,MW300-4298,1200,2.68,51.3,3.7,
2026-07-06T03:10,Halden,HR-3,MW300-4298,900,2.74,47.4,3.59,
2026-07-06T05:00,Halden,HR-1,MW300-4298,900,3.69,45.9,3.44,
2026-07-06T06:50,Halden,HR-2,MW300-4298,1800,3.39,55.7,4.47,
2026-07-06T08:40,Halden,HR-3,MW300-4298,2100,4.68,59.9,4.61,
2026-07-06T10:30,Halden,HR-1,MW300-4298,1500,3.03,54.6,4.46,
2026-07-06T12:20,Halden,HR-2,MW300-4298,1500,3.02,56.2,4.0,
2026-07-06T14:10,Halden,HR-3,MW300-4298,1500,3.34,51.2,4.06,
2026-07-06T16:00,Halden,HR-1,MW300-4299,1200,3.01,53.5,3.53,
2026-07-06T17:50,Halden,HR-2,MW300-4299,900,2.38,46.7,3.29,
2026-07-06T19:40,Halden,HR-3,MW300-4299,1200,2.58,49.5,3.54,
2026-07-06T21:30,Halden,HR-1,MW300-4299,1200,3.33,49.0,3.5,
2026-07-06T23:20,Halden,HR-2,MW300-4299,1800,3.32,55.8,4.44,
2026-07-07T01:10,Halden,HR-3,MW300-4299,1200,3.33,50.8,3.71,
2026-07-07T03:00,Halden,HR-1,MW300-4299,2100,4.52,56.9,4.5,
2026-07-07T04:50,Halden,HR-2,MW300-4299,1200,3.6,51.2,3.82,
2026-07-07T06:40,Halden,HR-3,MW300-4299,900,3.53,47.8,3.05,
2026-07-07T08:30,Halden,HR-1,MW300-4299,1200,2.6,50.1,3.36,
2026-07-07T10:20,Halden,HR-2,MW300-4299,2100,4.29,61.0,4.46,
2026-07-07T12:10,Halden,HR-3,MW300-4299,1500,2.72,55.4,3.68,
2026-07-07T14:00,Halden,HR-1,MW300-4300,1500,3.5,50.8,4.02,
2026-07-07T15:50,Halden,HR-2,MW300-4300,1800,3.23,56.9,4.51,
2026-07-07T17:40,Halden,HR-3,MW300-4300,2100,3.62,58.7,5.01,
2026-07-07T19:30,Halden,HR-1,MW300-4300,900,2.7,50.5,3.16,
2026-07-07T21:20,Halden,HR-2,MW300-4300,900,2.64,49.3,3.28,
2026-07-07T23:10,Halden,HR-3,MW300-4300,900,2.81,47.8,3.65,
2026-07-08T01:00,Halden,HR-1,MW300-4300,1200,2.62,50.4,3.45,
2026-07-08T02:50,Halden,HR-2,MW300-4300,1800,4.35,53.6,4.32,
2026-07-08T04:40,Halden,HR-3,MW300-4300,1200,2.85,52.2,3.6,
2026-07-08T06:30,Halden,HR-1,MW300-4300,1200,2.72,50.5,3.76,
2026-07-08T08:20,Halden,HR-2,MW300-4300,1800,4.16,53.1,4.41,
2026-07-08T10:10,Halden,HR-3,MW300-4300,1800,3.32,56.1,4.6,
2026-07-08T12:00,Halden,HR-1,MW300-4301,1500,4.18,55.6,4.07,
2026-07-08T13:50,Halden,HR-2,MW300-4301,1500,3.16,51.8,4.06,
2026-07-08T15:40,Halden,HR-3,MW300-4301,1500,3.43,54.1,3.91,
2026-07-08T17:30,Halden,HR-1,MW300-4301,1200,3.52,53.5,3.79,
2026-07-08T19:20,Halden,HR-2,MW300-4301,900,2.59,47.9,3.6,
2026-07-08T21:10,Halden,HR-3,MW300-4301,1200,3.98,52.3,3.54,
2026-07-08T23:00,Halden,HR-1,MW300-4301,1500,2.71,55.4,4.07,
2026-07-09T00:50,Halden,HR-2,MW300-4301,1200,3.62,50.6,3.79,
2026-07-09T02:40,Halden,HR-3,MW300-4301,900,2.54,47.3,3.33,
2026-07-09T04:30,Halden,HR-1,MW300-4301,1200,3.18,48.2,4.0,
2026-07-09T06:20,Halden,HR-2,MW300-4301,900,2.44,48.6,3.4,
2026-07-09T08:10,Halden,HR-3,MW300-4301,1800,4.4,53.2,4.3,
2026-07-09T10:00,Halden,HR-1,MW300-4302,2100,3.93,58.0,4.94,
2026-07-09T11:50,Halden,HR-2,MW300-4302,2100,3.61,57.4,4.91,
2026-07-09T13:40,Halden,HR-3,MW300-4302,1800,4.52,53.1,4.57,
2026-07-09T15:30,Halden,HR-1,MW300-4302,2100,3.88,60.1,4.45,
2026-07-09T17:20,Halden,HR-2,MW300-4302,900,3.21,48.7,3.52,
2026-07-09T19:10,Halden,HR-3,MW300-4302,2100,4.42,58.8,4.72,
2026-07-09T21:00,Halden,HR-1,MW300-4302,1500,3.51,56.4,4.01,
2026-07-09T22:50,Halden,HR-2,MW300-4302,900,2.36,47.8,3.5,
2026-07-10T00:40,Halden,HR-3,MW300-4302,2100,4.15,59.6,5.12,
2026-07-10T02:30,Halden,HR-1,MW300-4302,900,3.16,47.7,3.04,
2026-07-10T04:20,Halden,HR-2,MW300-4302,1800,3.37,54.9,4.06,
2026-07-10T06:10,Halden,HR-3,MW300-4302,2100,3.94,58.2,4.67,
2026-07-10T08:00,Halden,HR-1,MW300-4303,1800,3.12,54.4,4.32,
2026-07-10T09:50,Halden,HR-2,MW300-4303,1800,4.52,56.7,4.08,
2026-07-10T11:40,Halden,HR-3,MW300-4303,900,2.37,47.8,3.51,
2026-07-10T13:30,Halden,HR-1,MW300-4303,900,2.76,48.9,3.04,
2026-07-10T15:20,Halden,HR-2,MW300-4303,900,3.14,47.8,3.02,
2026-07-10T17:10,Halden,HR-3,MW300-4303,1500,3.14,51.1,3.96,
2026-07-10T19:00,Halden,HR-1,MW300-4303,1200,2.46,48.7,3.89,
2026-07-10T20:50,Halden,HR-2,MW300-4303,1200,2.69,53.5,4.11,
2026-07-10T22:40,Halden,HR-3,MW300-4303,1800,3.93,57.6,4.65,
2026-07-11T00:30,Halden,HR-1,MW300-4303,2100,4.15,60.3,4.38,
2026-07-11T02:20,Halden,HR-2,MW300-4303,2100,4.78,58.7,4.88,
2026-07-11T04:10,Halden,HR-3,MW300-4303,1500,3.42,53.1,4.46,
2026-07-11T06:00,Halden,HR-1,MW300-4304,1200,2.67,50.4,3.61,
2026-07-11T07:50,Halden,HR-2,MW300-4304,1200,3.67,49.7,4.0,
2026-07-11T09:40,Halden,HR-3,MW300-4304,1800,3.46,55.9,4.71,
2026-07-11T11:30,Halden,HR-1,MW300-4304,1500,4.0,54.0,3.76,
2026-07-11T13:20,Halden,HR-2,MW300-4304,1500,4.03,53.3,3.77,
2026-07-11T15:10,Halden,HR-3,MW300-4304,2100,4.59,57.4,5.09,
2026-07-11T17:00,Halden,HR-1,MW300-4304,900,2.37,47.8,3.22,
2026-07-11T18:50,Halden,HR-2,MW300-4304,900,2.88,48.6,3.35,
2026-07-11T20:40,Halden,HR-3,MW300-4304,1200,2.62,51.9,3.82,
2026-07-11T22:30,Halden,HR-1,MW300-4304,1200,3.42,54.0,3.78,
2026-07-12T00:20,Halden,HR-2,MW300-4304,1800,4.51,58.5,4.73,
2026-07-12T02:10,Halden,HR-3,MW300-4304,2100,4.79,55.7,4.86,
2026-07-12T04:00,Halden,HR-1,MW300-4305,1200,3.87,52.9,3.61,
2026-07-12T05:50,Halden,HR-2,MW300-4305,1800,3.13,54.4,4.21,
2026-07-12T07:40,Halden,HR-3,MW300-4305,1200,3.56,50.4,3.53,
2026-07-12T09:30,Halden,HR-1,MW300-4305,1200,2.57,51.6,3.99,
2026-07-12T11:20,Halden,HR-2,MW300-4305,1800,3.82,58.7,4.65,
2026-07-12T13:10,Halden,HR-3,MW300-4305,1200,3.05,48.9,3.96,
2026-07-12T15:00,Halden,HR-1,MW300-4305,1500,3.37,52.7,4.1,
2026-07-12T16:50,Halden,HR-2,MW300-4305,900,2.97,47.2,3.08,
2026-07-12T18:40,Halden,HR-3,MW300-4305,1800,3.96,55.5,4.03,
2026-07-12T20:30,Halden,HR-1,MW300-4305,1500,2.97,54.5,3.69,
2026-07-12T22:20,Halden,HR-2,MW300-4305,1200,3.08,51.5,3.87,
2026-07-13T00:10,Halden,HR-3,MW300-4305,900,3.65,50.8,3.34,
2026-07-13T02:00,Halden,HR-1,MW300-4306,2100,4.85,56.6,4.74,
2026-07-13T03:50,Halden,HR-2,MW300-4306,1800,3.05,53.4,4.43,
2026-07-13T05:40,Halden,HR-3,MW300-4306,1800,3.4,59.0,4.58,
2026-07-13T07:30,Halden,HR-1,MW300-4306,1800,4.2,54.5,4.16,
2026-07-13T09:20,Halden,HR-2,MW300-4306,1200,3.33,49.6,4.02,
2026-07-13T11:10,Halden,HR-3,MW300-4306,900,2.23,45.9,3.11,
2026-07-13T13:00,Halden,HR-1,MW300-4306,900,2.7,47.3,3.2,
2026-07-13T14:50,Halden,HR-2,MW300-4306,900,2.82,47.8,3.64,
2026-07-13T16:40,Halden,HR-3,MW300-4306,1800,3.9,57.8,4.27,
2026-07-13T18:30,Halden,HR-1,MW300-4306,1200,3.75,48.9,3.79,
2026-07-13T20:20,Halden,HR-2,MW300-4306,1500,3.68,52.8,4.46,
2026-07-13T22:10,Halden,HR-3,MW300-4306,1200,2.83,48.5,3.65,
2026-07-14T00:00,Halden,HR-1,MW300-4307,1500,2.73,50.7,3.7,
2026-07-14T01:50,Halden,HR-2,MW300-4307,1800,4.49,57.8,4.51,
2026-07-14T03:40,Halden,HR-3,MW300-4307,900,2.29,48.6,3.47,
2026-07-14T05:30,Halden,HR-1,MW300-4307,1200,3.76,53.1,3.91,
2026-07-14T07:20,Halden,HR-2,MW300-4307,1200,3.22,49.0,4.0,
2026-07-14T09:10,Halden,HR-3,MW300-4307,900,2.18,47.2,3.64,
2026-07-14T11:00,Halden,HR-1,MW300-4307,2100,4.15,58.9,4.81,
2026-07-14T12:50,Halden,HR-2,MW300-4307,1200,3.03,52.7,3.9,
2026-07-14T14:40,Halden,HR-3,MW300-4307,2100,4.36,57.0,4.91,
2026-07-14T16:30,Halden,HR-1,MW300-4307,1800,3.9,55.1,4.39,
2026-07-14T18:20,Halden,HR-2,MW300-4307,900,2.88,46.3,3.39,
2026-07-14T20:10,Halden,HR-3,MW300-4307,1500,3.35,52.8,3.78,
2026-07-14T22:00,Halden,HR-1,MW300-4308,2100,4.05,61.2,4.54,
2026-07-14T23:50,Halden,HR-2,MW300-4308,1200,3.31,52.3,3.99,
2026-07-15T01:40,Halden,HR-3,MW300-4308,1500,3.9,55.6,4.45,
2026-07-15T03:30,Halden,HR-1,MW300-4308,2100,4.12,58.0,4.64,
2026-07-15T05:20,Halden,HR-2,MW300-4308,1200,2.61,52.6,3.75,
2026-07-15T07:10,Halden,HR-3,MW300-4308,2100,4.48,58.8,4.4,
2026-07-15T09:00,Halden,HR-1,MW300-4308,2100,3.59,56.6,4.45,
2026-07-15T10:50,Halden,HR-2,MW300-4308,900,3.32,50.2,3.2,
2026-07-15T12:40,Halden,HR-3,MW300-4308,1500,3.39,56.4,4.36,
2026-07-15T14:30,Halden,HR-1,MW300-4308,2100,4.68,57.1,4.85,
2026-07-15T16:20,Halden,HR-2,MW300-4308,1200,3.47,52.7,3.49,
2026-07-15T18:10,Halden,HR-3,MW300-4308,1800,3.11,57.6,4.3,
2026-07-15T20:00,Halden,HR-1,MW300-4309,1500,3.58,54.8,4.45,
2026-07-15T21:50,Halden,HR-2,MW300-4309,1500,3.29,51.2,3.91,
2026-07-15T23:40,Halden,HR-3,MW300-4309,2100,3.4,60.3,4.43,
2026-07-16T01:30,Halden,HR-1,MW300-4309,2100,3.85,58.6,4.96,
2026-07-16T03:20,Halden,HR-2,MW300-4309,900,2.72,46.3,3.06,
2026-07-16T05:10,Halden,HR-3,MW300-4309,1200,3.08,52.8,3.85,
2026-07-16T07:00,Halden,HR-1,MW300-4309,1200,2.67,48.2,3.48,
2026-07-16T08:50,Halden,HR-2,MW300-4309,1800,3.18,57.8,4.16,
2026-07-16T10:40,Halden,HR-3,MW300-4309,1200,2.78,53.4,4.03,
2026-07-16T12:30,Halden,HR-1,MW300-4309,2100,3.97,55.9,4.73,
2026-07-16T14:20,Halden,HR-2,MW300-4309,1200,2.81,49.7,4.02,
2026-07-16T16:10,Halden,HR-3,MW300-4309,900,3.66,48.0,3.52,
2026-07-16T18:00,Halden,HR-1,MW300-4310,900,3.04,45.5,3.11,
2026-07-16T19:50,Halden,HR-2,MW300-4310,900,3.08,46.0,3.22,
2026-07-16T21:40,Halden,HR-3,MW300-4310,2100,3.79,58.0,4.42,
2026-07-16T23:30,Halden,HR-1,MW300-4310,1200,2.86,53.4,3.59,
2026-07-17T01:20,Halden,HR-2,MW300-4310,1800,3.64,56.9,4.39,
2026-07-17T03:10,Halden,HR-3,MW300-4310,1500,2.8,52.5,3.74,guard
2026-07-17T05:00,Halden,HR-1,MW300-4310,1500,2.79,56.2,4.43,
2026-07-17T06:50,Halden,HR-2,MW300-4310,900,3.37,49.5,3.5,
2026-07-17T08:40,Halden,HR-3,MW300-4310,1200,3.31,50.1,3.91,
2026-07-17T10:30,Halden,HR-1,MW300-4310,2100,4.59,58.4,4.88,
2026-07-17T12:20,Halden,HR-2,MW300-4310,1500,3.84,50.8,4.12,
2026-07-17T14:10,Halden,HR-3,MW300-4310,900,2.73,50.8,3.35,
2026-07-17T16:00,Halden,HR-1,MW300-4311,2100,4.32,61.3,4.34,
2026-07-17T17:50,Halden,HR-2,MW300-4311,2100,4.87,60.9,4.37,
2026-07-17T19:40,Halden,HR-3,MW300-4311,1500,3.93,50.9,3.95,
2026-07-17T21:30,Halden,HR-1,MW300-4311,1500,3.63,55.5,4.09,
2026-07-17T23:20,Halden,HR-2,MW300-4311,2100,4.65,58.2,4.47,
2026-07-18T01:10,Halden,HR-3,MW300-4311,1500,3.94,55.4,3.74,
2026-07-18T03:00,Halden,HR-1,MW300-4311,900,3.09,49.7,3.56,
2026-07-18T04:50,Halden,HR-2,MW300-4311,1500,3.21,56.4,3.82,
2026-07-18T06:40,Halden,HR-3,MW300-4311,1800,3.0,57.5,4.31,
2026-07-18T08:30,Halden,HR-1,MW300-4311,1200,3.95,52.6,3.57,
2026-07-18T10:20,Halden,HR-2,MW300-4311,900,3.04,51.4,3.14,
2026-07-18T12:10,Halden,HR-3,MW300-4311,1800,3.11,58.8,4.05,
2026-07-18T14:00,Halden,HR-1,MW300-4312,1200,3.48,51.5,3.75,
2026-07-18T15:50,Halden,HR-2,MW300-4312,1500,3.79,54.3,4.04,
2026-07-18T17:40,Halden,HR-3,MW300-4312,1800,3.83,58.5,4.64,
2026-07-18T19:30,Halden,HR-1,MW300-4312,1200,3.07,50.8,3.68,
2026-07-18T21:20,Halden,HR-2,MW300-4312,1200,2.77,53.5,3.36,
2026-07-18T23:10,Halden,HR-3,MW300-4312,2100,4.51,59.2,4.45,
2026-07-19T01:00,Halden,HR-1,MW300-4312,1200,3.94,52.9,3.59,
2026-07-19T02:50,Halden,HR-2,MW300-4312,1500,2.94,52.2,4.26,
2026-07-19T04:40,Halden,HR-3,MW300-4312,1800,3.75,54.3,4.23,
2026-07-19T06:30,Halden,HR-1,MW300-4312,1800,3.07,56.2,4.22,
2026-07-19T08:20,Halden,HR-2,MW300-4312,1200,2.46,49.4,3.54,
2026-07-19T10:10,Halden,HR-3,MW300-4312,1800,3.3,57.4,4.7,
2026-07-19T12:00,Halden,HR-1,MW300-4313,900,2.87,50.4,3.74,
2026-07-19T13:50,Halden,HR-2,MW300-4313,2100,3.47,56.8,4.52,
2026-07-19T15:40,Halden,HR-3,MW300-4313,900,2.3,49.5,3.1,
2026-07-19T17:30,Halden,HR-1,MW300-4313,900,2.3,46.2,3.78,
2026-07-19T19:20,Halden,HR-2,MW300-4313,1500,2.92,53.5,3.89,guard
2026-07-19T21:10,Halden,HR-3,MW300-4313,900,2.84,46.0,3.57,
2026-07-19T23:00,Halden,HR-1,MW300-4313,2100,3.34,58.8,4.42,
2026-07-20T00:50,Halden,HR-2,MW300-4313,1500,3.45,50.6,3.86,
2026-07-20T02:40,Halden,HR-3,MW300-4313,2100,3.37,58.1,4.81,
2026-07-20T04:30,Halden,HR-1,MW300-4313,1800,4.07,56.9,4.24,
2026-07-20T06:20,Halden,HR-2,MW300-4313,900,3.45,49.4,3.11,
2026-07-20T08:10,Halden,HR-3,MW300-4313,1800,3.42,56.0,4.72,
2026-07-20T10:00,Halden,HR-1,MW300-4314,1200,2.57,50.5,3.59,
2026-07-20T11:50,Halden,HR-2,MW300-4314,1200,3.15,53.9,3.42,
2026-07-20T13:40,Halden,HR-3,MW300-4314,1800,3.51,53.7,4.3,
2026-07-20T15:30,Halden,HR-1,MW300-4314,900,2.23,47.6,3.05,
2026-07-20T17:20,Halden,HR-2,MW300-4314,1500,3.58,55.8,4.01,
2026-07-20T19:10,Halden,HR-3,MW300-4314,1200,2.92,53.3,3.82,
2026-07-20T21:00,Halden,HR-1,MW300-4314,2100,4.27,61.3,4.54,
2026-07-20T22:50,Halden,HR-2,MW300-4314,2100,4.29,60.0,4.46,
2026-07-21T00:40,Halden,HR-3,MW300-4314,2100,3.85,61.4,4.97,
2026-07-21T02:30,Halden,HR-1,MW300-4314,900,3.7,46.0,3.14,
2026-07-21T04:20,Halden,HR-2,MW300-4314,2100,4.54,60.8,4.75,
2026-07-21T06:10,Halden,HR-3,MW300-4314,1500,2.76,51.7,3.7,
2026-07-21T08:00,Halden,HR-1,MW300-4315,1800,3.77,56.3,4.72,
2026-07-21T09:50,Halden,HR-2,MW300-4315,1500,3.08,55.5,4.18,
2026-07-21T11:40,Halden,HR-3,MW300-4315,2100,4.18,57.4,4.37,
2026-07-21T13:30,Halden,HR-1,MW300-4315,900,2.38,50.0,3.53,
2026-07-21T15:20,Halden,HR-2,MW300-4315,2100,3.52,57.1,4.43,
2026-07-21T17:10,Halden,HR-3,MW300-4315,900,3.42,47.8,3.29,
2026-07-21T19:00,Halden,HR-1,MW300-4315,1200,3.53,49.2,3.58,
2026-07-21T20:50,Halden,HR-2,MW300-4315,1800,4.6,54.0,4.12,
2026-07-21T22:40,Halden,HR-3,MW300-4315,1800,3.38,57.1,4.72,
2026-07-22T00:30,Halden,HR-1,MW300-4315,2100,4.44,60.3,4.56,
2026-07-22T02:20,Halden,HR-2,MW300-4315,900,2.47,46.4,3.6,
2026-07-22T04:10,Halden,HR-3,MW300-4315,1500,3.57,53.4,4.22,
2026-07-22T06:00,Halden,HR-1,MW300-4316,1500,3.61,54.7,3.79,
2026-07-22T07:50,Halden,HR-2,MW300-4316,1500,2.78,52.8,3.87,
2026-07-22T09:40,Halden,HR-3,MW300-4316,1200,3.04,51.9,4.0,
2026-07-22T11:30,Halden,HR-1,MW300-4316,1500,4.09,53.9,4.21,
2026-07-22T13:20,Halden,HR-2,MW300-4316,900,2.88,49.8,3.49,
2026-07-22T15:10,Halden,HR-3,MW300-4316,1500,3.76,56.2,4.0,
2026-07-22T17:00,Halden,HR-1,MW300-4316,2100,4.37,58.1,4.9,
2026-07-22T18:50,Halden,HR-2,MW300-4316,900,2.16,48.2,3.54,
2026-07-22T20:40,Halden,HR-3,MW300-4316,2100,3.75,57.9,4.4,guard
2026-07-22T22:30,Halden,HR-1,MW300-4316,900,2.41,47.2,3.28,
2026-07-23T00:20,Halden,HR-2,MW300-4316,1500,3.16,54.4,4.46,
2026-07-23T02:10,Halden,HR-3,MW300-4316,2100,4.72,60.1,4.55,
2026-07-23T04:00,Halden,HR-1,MW300-4317,1500,4.21,54.9,4.22,
2026-07-23T05:50,Halden,HR-2,MW300-4317,1500,3.26,55.3,4.0,
2026-07-23T07:40,Halden,HR-3,MW300-4317,1200,2.64,48.1,4.05,
2026-07-23T09:30,Halden,HR-1,MW300-4317,900,2.51,47.9,3.51,
2026-07-23T11:20,Halden,HR-2,MW300-4317,1500,3.84,50.6,4.23,
2026-07-23T13:10,Halden,HR-3,MW300-4317,900,2.71,48.8,3.08,
2026-07-23T15:00,Halden,HR-1,MW300-4317,1500,4.25,56.1,4.13,
2026-07-23T16:50,Halden,HR-2,MW300-4317,1800,3.15,54.1,4.27,
2026-07-23T18:40,Halden,HR-3,MW300-4317,1800,4.49,56.9,4.48,
2026-07-23T20:30,Halden,HR-1,MW300-4317,1500,3.37,56.2,4.41,
2026-07-23T22:20,Halden,HR-2,MW300-4317,1800,3.05,57.5,4.04,
2026-07-24T00:10,Halden,HR-3,MW300-4317,2100,4.38,58.5,4.97,
2026-07-24T02:00,Halden,HR-1,MW300-4318,900,2.35,49.8,3.13,
2026-07-24T03:50,Halden,HR-2,MW300-4318,1500,3.27,52.5,4.19,
2026-07-24T05:40,Halden,HR-3,MW300-4318,1800,3.35,58.4,4.34,
2026-07-24T07:30,Halden,HR-1,MW300-4318,1200,3.88,53.3,4.07,
2026-07-24T09:20,Halden,HR-2,MW300-4318,2100,3.86,58.3,4.38,
2026-07-24T11:10,Halden,HR-3,MW300-4318,1800,4.33,53.6,4.02,
2026-07-24T13:00,Halden,HR-1,MW300-4318,1500,3.82,51.0,3.79,
2026-07-24T14:50,Halden,HR-2,MW300-4318,900,3.1,48.8,3.66,
2026-07-24T16:40,Halden,HR-3,MW300-4318,1200,3.64,53.9,3.65,
2026-07-24T18:30,Halden,HR-1,MW300-4318,1500,3.6,56.4,4.13,
2026-07-24T20:20,Halden,HR-2,MW300-4318,1800,4.36,55.6,4.29,
2026-07-24T22:10,Halden,HR-3,MW300-4318,900,3.58,50.8,3.78,
2026-07-25T00:00,Halden,HR-1,MW300-4319,900,2.88,50.5,3.58,
2026-07-25T01:50,Halden,HR-2,MW300-4319,900,2.7,45.8,3.62,
2026-07-25T03:40,Halden,HR-3,MW300-4319,1800,3.18,56.2,4.4,
2026-07-25T05:30,Halden,HR-1,MW300-4319,2100,4.15,58.5,5.13,guard
2026-07-25T07:20,Halden,HR-2,MW300-4319,1500,4.21,53.8,4.08,
2026-07-25T09:10,Halden,HR-3,MW300-4319,1800,4.03,56.0,4.3,
2026-07-25T11:00,Halden,HR-1,MW300-4319,1800,4.08,54.0,4.26,
2026-07-25T12:50,Halden,HR-2,MW300-4319,900,2.53,48.0,3.4,
2026-07-25T14:40,Halden,HR-3,MW300-4319,1800,3.09,56.8,4.02,
2026-07-25T16:30,Halden,HR-1,MW300-4319,900,3.01,50.7,3.27,
2026-07-25T18:20,Halden,HR-2,MW300-4319,900,3.46,48.4,3.78,
2026-07-25T20:10,Halden,HR-3,MW300-4319,1800,4.06,58.2,4.15,
2026-07-25T22:00,Halden,HR-1,MW300-4320,1200,2.43,52.4,3.73,
2026-07-25T23:50,Halden,HR-2,MW300-4320,1500,3.88,52.5,3.96,guard
2026-07-26T01:40,Halden,HR-3,MW300-4320,2100,4.42,61.1,4.38,
2026-07-26T03:30,Halden,HR-1,MW300-4320,2100,4.27,55.6,4.56,
2026-07-26T05:20,Halden,HR-2,MW300-4320,1500,3.9,51.0,4.18,
2026-07-26T07:10,Halden,HR-3,MW300-4320,900,2.8,45.7,3.6,
2026-07-26T09:00,Halden,HR-1,MW300-4320,1500,4.04,53.6,4.09,
2026-07-26T10:50,Halden,HR-2,MW300-4320,1500,3.99,53.0,3.97,
2026-07-26T12:40,Halden,HR-3,MW300-4320,1200,3.37,53.8,3.44,
2026-07-26T14:30,Halden,HR-1,MW300-4320,1500,4.07,56.4,3.78,
2026-07-26T16:20,Halden,HR-2,MW300-4320,1800,4.55,56.1,4.41,
2026-07-26T18:10,Halden,HR-3,MW300-4320,1200,3.0,53.8,4.0,
2026-07-26T20:00,Halden,HR-1,MW300-4321,1200,3.2,52.0,3.38,
2026-07-26T21:50,Halden,HR-2,MW300-4321,2100,4.48,57.9,4.81,
2026-07-26T23:40,Halden,HR-3,MW300-4321,1200,2.98,49.0,3.55,
2026-07-27T01:30,Halden,HR-1,MW300-4321,1200,3.5,49.8,3.77,
2026-07-27T03:20,Halden,HR-2,MW300-4321,1500,2.93,54.1,4.18,
2026-07-27T05:10,Halden,HR-3,MW300-4321,1200,3.13,50.9,4.1,
2026-07-27T07:00,Halden,HR-1,MW300-4321,2100,4.4,56.7,4.8,
2026-07-27T08:50,Halden,HR-2,MW300-4321,900,2.48,45.7,3.27,
2026-07-27T10:40,Halden,HR-3,MW300-4321,2100,4.44,57.3,4.97,
2026-07-27T12:30,Halden,HR-1,MW300-4321,1800,3.09,55.9,4.38,
2026-07-27T14:20,Halden,HR-2,MW300-4321,1200,3.06,53.6,3.9,
2026-07-27T16:10,Halden,HR-3,MW300-4321,2100,3.73,59.8,4.46,
2026-07-27T18:00,Halden,HR-1,MW300-4322,1500,3.0,52.0,3.82,
2026-07-27T19:50,Halden,HR-2,MW300-4322,1200,3.51,51.1,3.54,
2026-07-27T21:40,Halden,HR-3,MW300-4322,1200,2.93,50.9,3.67,
2026-07-27T23:30,Halden,HR-1,MW300-4322,2100,3.56,60.0,5.05,
2026-07-28T01:20,Halden,HR-2,MW300-4322,1500,3.21,52.6,3.75,
2026-07-28T03:10,Halden,HR-3,MW300-4322,1500,3.11,51.9,3.92,
2026-07-28T05:00,Halden,HR-1,MW300-4322,1200,3.44,50.1,3.43,
2026-07-28T06:50,Halden,HR-2,MW300-4322,900,2.3,48.7,3.14,
2026-07-28T08:40,Halden,HR-3,MW300-4322,1200,3.15,48.9,4.11,
2026-07-28T10:30,Halden,HR-1,MW300-4322,2100,3.82,60.3,4.88,
2026-07-28T12:20,Halden,HR-2,MW300-4322,1500,3.43,52.8,4.01,
2026-07-28T14:10,Halden,HR-3,MW300-4322,2100,4.47,59.6,4.46,
2026-07-28T16:00,Halden,HR-1,MW300-4323,1800,3.14,55.4,4.3,
2026-07-28T17:50,Halden,HR-2,MW300-4323,1500,4.3,52.9,3.77,
2026-07-28T19:40,Halden,HR-3,MW300-4323,1500,4.01,51.7,4.14,
2026-07-28T21:30,Halden,HR-1,MW300-4323,900,3.05,48.2,3.23,
2026-07-28T23:20,Halden,HR-2,MW300-4323,1500,3.34,54.5,4.18,
2026-07-29T01:10,Halden,HR-3,MW300-4323,1800,3.24,58.2,4.66,
2026-07-29T03:00,Halden,HR-1,MW300-4323,900,2.42,51.2,3.27,
2026-07-29T04:50,Halden,HR-2,MW300-4323,1800,4.07,53.7,4.26,
2026-07-29T06:40,Halden,HR-3,MW300-4323,1800,4.01,55.0,4.71,
2026-07-29T08:30,Halden,HR-1,MW300-4323,1200,2.84,52.7,3.9,
2026-07-29T10:20,Halden,HR-2,MW300-4323,1200,3.12,53.3,3.41,
2026-07-29T12:10,Halden,HR-3,MW300-4323,1800,3.59,53.8,4.59,
2026-07-29T14:00,Halden,HR-1,MW300-4324,1500,3.21,55.1,3.75,
2026-07-29T15:50,Halden,HR-2,MW300-4324,1800,4.42,53.7,4.38,
2026-07-29T17:40,Halden,HR-3,MW300-4324,1800,3.73,54.4,4.15,
2026-07-29T19:30,Halden,HR-1,MW300-4324,900,3.56,45.9,3.26,
2026-07-29T21:20,Halden,HR-2,MW300-4324,900,2.16,49.1,3.48,
2026-07-29T23:10,Halden,HR-3,MW300-4324,1800,3.52,54.2,4.23,
2026-07-30T01:00,Halden,HR-1,MW300-4324,1800,3.15,53.6,4.17,
2026-07-30T02:50,Halden,HR-2,MW300-4324,2100,4.13,57.3,4.47,
2026-07-30T04:40,Halden,HR-3,MW300-4324,1200,2.63,48.5,3.35,
2026-07-30T06:30,Halden,HR-1,MW300-4324,900,2.41,51.3,3.31,
2026-07-30T08:20,Halden,HR-2,MW300-4324,1800,4.54,57.7,4.1,
2026-07-30T10:10,Halden,HR-3,MW300-4324,2100,4.26,60.9,4.41,
2026-07-30T12:00,Halden,HR-1,MW300-4325,1800,3.97,55.7,4.62,
2026-07-30T13:50,Halden,HR-2,MW300-4325,900,2.44,50.9,3.3,
2026-07-30T15:40,Halden,HR-3,MW300-4325,2100,3.82,60.7,4.65,
2026-07-30T17:30,Halden,HR-1,MW300-4325,1200,3.0,48.2,3.35,
2026-07-30T19:20,Halden,HR-2,MW300-4325,2100,4.43,58.8,4.72,
2026-07-30T21:10,Halden,HR-3,MW300-4325,900,2.33,47.6,3.09,
2026-07-30T23:00,Halden,HR-1,MW300-4325,1800,4.5,57.5,4.15,
2026-07-31T00:50,Halden,HR-2,MW300-4325,2100,3.44,61.4,5.07,
2026-07-31T02:40,Halden,HR-3,MW300-4325,2100,3.87,59.4,4.96,
2026-07-31T04:30,Halden,HR-1,MW300-4325,1200,3.39,53.6,3.77,
2026-07-31T06:20,Halden,HR-2,MW300-4325,1500,3.32,53.3,4.25,
2026-07-31T08:10,Halden,HR-3,MW300-4325,1800,3.08,53.0,4.0,
2026-07-31T10:00,Halden,HR-1,MW300-4326,1200,2.54,53.2,3.41,
2026-07-31T11:50,Halden,HR-2,MW300-4326,1200,2.58,48.1,3.77,
2026-07-31T13:40,Halden,HR-3,MW300-4326,1800,3.83,57.1,4.17,
2026-07-31T15:30,Halden,HR-1,MW300-4326,1800,3.92,54.3,4.54,
2026-07-31T17:20,Halden,HR-2,MW300-4326,1800,3.74,58.7,4.14,
2026-07-31T19:10,Halden,HR-3,MW300-4326,1200,3.25,51.8,3.63,
2026-07-31T21:00,Halden,HR-1,MW300-4326,900,2.34,49.7,3.29,
2026-07-31T22:50,Halden,HR-2,MW300-4326,900,2.48,50.6,3.79,
2026-08-01T00:40,Halden,HR-3,MW300-4326,1800,3.4,53.9,4.37,
2026-08-01T02:30,Halden,HR-1,MW300-4326,1200,3.29,50.3,3.46,
2026-08-01T04:20,Halden,HR-2,MW300-4326,900,2.81,47.3,3.08,
2026-08-01T06:10,Halden,HR-3,MW300-4326,2100,4.48,59.8,4.47,
2026-08-01T08:00,Halden,HR-1,MW300-4327,1800,4.03,58.2,4.02,
2026-08-01T09:50,Halden,HR-2,MW300-4327,1200,3.84,51.2,3.73,
2026-08-01T11:40,Halden,HR-3,MW300-4327,900,2.83,46.7,3.27,
2026-08-01T13:30,Halden,HR-1,MW300-4327,1800,4.42,53.1,4.15,
2026-08-01T15:20,Halden,HR-2,MW300-4327,1200,2.41,49.5,3.69,
2026-08-01T17:10,Halden,HR-3,MW300-4327,2100,3.53,61.5,4.61,
2026-08-01T19:00,Halden,HR-1,MW300-4327,1500,3.77,52.5,3.83,
2026-08-01T20:50,Halden,HR-2,MW300-4327,1800,4.17,54.4,4.58,
2026-08-01T22:40,Halden,HR-3,MW300-4327,1800,4.23,53.5,4.02,
2026-08-02T00:30,Halden,HR-1,MW300-4327,1200,3.52,48.4,3.65,
2026-08-02T02:20,Halden,HR-2,MW300-4327,900,3.61,47.6,3.31,
2026-08-02T04:10,Halden,HR-3,MW300-4327,1200,2.97,49.2,3.64,
2026-08-02T06:00,Halden,HR-1,MW300-4328,2100,3.8,56.9,4.84,
2026-08-02T07:50,Halden,HR-2,MW300-4328,2100,4.08,56.5,4.78,
2026-08-02T09:40,Halden,HR-3,MW300-4328,1800,3.23,53.1,4.53,
2026-08-02T11:30,Halden,HR-1,MW300-4328,1500,3.36,52.3,4.02,
2026-08-02T13:20,Halden,HR-2,MW300-4328,1200,3.06,49.6,3.77,
2026-08-02T15:10,Halden,HR-3,MW300-4328,1200,2.47,53.8,4.0,
2026-08-02T17:00,Halden,HR-1,MW300-4328,1200,2.79,50.2,3.56,
2026-08-02T18:50,Halden,HR-2,MW300-4328,1800,3.23,57.3,4.05,
2026-08-02T20:40,Halden,HR-3,MW300-4328,1500,4.28,51.2,4.05,
2026-08-02T22:30,Halden,HR-1,MW300-4328,1200,3.68,53.4,3.53,
2026-08-03T00:20,Halden,HR-2,MW300-4328,1200,2.55,51.6,3.73,
2026-08-03T02:10,Halden,HR-3,MW300-4328,1200,2.74,53.6,3.7,
2026-08-03T04:00,Halden,HR-1,MW300-4329,1800,3.12,54.6,4.07,
2026-08-03T05:50,Halden,HR-2,MW300-4329,900,2.79,47.1,3.18,
2026-08-03T07:40,Halden,HR-3,MW300-4329,1200,2.46,50.9,3.69,
2026-08-03T09:30,Halden,HR-1,MW300-4329,1200,3.31,51.0,3.46,
2026-08-03T11:20,Halden,HR-2,MW300-4329,1800,3.77,57.7,4.09,
2026-08-03T13:10,Halden,HR-3,MW300-4329,900,2.55,50.3,3.47,
2026-08-03T15:00,Halden,HR-1,MW300-4329,900,3.41,49.6,3.33,
2026-08-03T16:50,Halden,HR-2,MW300-4329,1800,3.57,58.7,4.73,
2026-08-03T18:40,Halden,HR-3,MW300-4329,1500,3.44,53.0,4.45,
2026-08-03T20:30,Halden,HR-1,MW300-4329,1500,3.64,54.6,4.32,
2026-08-03T22:20,Halden,HR-2,MW300-4329,1800,3.01,53.8,4.61,
2026-08-04T00:10,Halden,HR-3,MW300-4329,1800,3.36,58.8,4.45,
2026-08-04T02:00,Halden,HR-1,MW300-4330,1800,3.74,54.7,4.74,
2026-08-04T03:50,Halden,HR-2,MW300-4330,1800,4.33,55.2,4.24,
2026-08-04T05:40,Halden,HR-3,MW300-4330,2100,4.24,57.5,4.6,
2026-08-04T07:30,Halden,HR-1,MW300-4330,900,2.96,48.9,3.17,
2026-08-04T09:20,Halden,HR-2,MW300-4330,1200,2.65,54.0,3.37,
2026-08-04T11:10,Halden,HR-3,MW300-4330,2100,4.82,56.1,4.83,
2026-08-04T13:00,Halden,HR-1,MW300-4330,1800,4.42,58.2,4.05,
2026-08-04T14:50,Halden,HR-2,MW300-4330,2100,3.49,58.5,4.37,
2026-08-04T16:40,Halden,HR-3,MW300-4330,1200,3.39,50.6,3.68,
2026-08-04T18:30,Halden,HR-1,MW300-4330,2100,3.68,56.2,4.64,
2026-08-04T20:20,Halden,HR-2,MW300-4330,2100,3.76,57.8,4.67,
2026-08-04T22:10,Halden,HR-3,MW300-4330,1500,3.66,52.4,4.23,
2026-08-05T00:00,Halden,HR-1,MW300-4331,1200,3.33,50.8,3.83,
2026-08-05T01:50,Halden,HR-2,MW300-4331,900,3.57,49.5,3.14,
2026-08-05T03:40,Halden,HR-3,MW300-4331,1200,3.37,49.6,3.4,
2026-08-05T05:30,Halden,HR-1,MW300-4331,2100,4.34,59.8,4.6,
2026-08-05T07:20,Halden,HR-2,MW300-4331,1200,2.62,49.3,3.72,
2026-08-05T09:10,Halden,HR-3,MW300-4331,900,3.37,48.4,3.42,
2026-08-05T11:00,Halden,HR-1,MW300-4331,1800,3.08,54.4,4.37,
2026-08-05T12:50,Halden,HR-2,MW300-4331,2100,4.7,60.7,4.44,
2026-08-05T14:40,Halden,HR-3,MW300-4331,1200,3.89,49.7,3.92,
2026-08-05T16:30,Halden,HR-1,MW300-4331,900,3.28,48.3,3.53,
2026-08-05T18:20,Halden,HR-2,MW300-4331,1500,3.59,53.1,3.78,
2026-08-05T20:10,Halden,HR-3,MW300-4331,1200,2.53,49.9,4.12,
2026-08-05T22:00,Halden,HR-1,MW300-4332,1800,3.72,53.8,4.72,
2026-08-05T23:50,Halden,HR-2,MW300-4332,1500,3.06,52.1,4.45,
2026-08-06T01:40,Halden,HR-3,MW300-4332,900,3.01,48.4,3.32,
2026-08-06T03:30,Halden,HR-1,MW300-4332,900,3.2,46.2,3.55,
2026-08-06T05:20,Halden,HR-2,MW300-4332,1200,3.68,52.1,4.07,
2026-08-06T07:10,Halden,HR-3,MW300-4332,1200,2.46,53.5,3.82,
2026-08-06T09:00,Halden,HR-1,MW300-4332,2100,4.44,59.1,4.95,
2026-08-06T10:50,Halden,HR-2,MW300-4332,900,2.96,49.5,3.1,
2026-08-06T12:40,Halden,HR-3,MW300-4332,900,3.48,46.1,3.53,
2026-08-06T14:30,Halden,HR-1,MW300-4332,1200,2.6,49.1,3.43,
2026-08-06T16:20,Halden,HR-2,MW300-4332,2100,4.3,56.4,4.81,
2026-08-06T18:10,Halden,HR-3,MW300-4332,900,2.5,49.6,3.62,
2026-08-06T20:00,Halden,HR-1,MW300-4333,2100,3.77,59.8,4.8,
2026-08-06T21:50,Halden,HR-2,MW300-4333,1500,4.07,51.3,3.82,guard
2026-08-06T23:40,Halden,HR-3,MW300-4333,900,3.09,48.7,3.24,
2026-08-07T01:30,Halden,HR-1,MW300-4333,2100,3.36,59.7,4.98,
2026-08-07T03:20,Halden,HR-2,MW300-4333,1500,3.23,54.5,3.97,
2026-08-07T05:10,Halden,HR-3,MW300-4333,2100,4.26,61.3,4.43,
2026-08-07T07:00,Halden,HR-1,MW300-4333,1500,3.66,51.0,3.7,
2026-08-07T08:50,Halden,HR-2,MW300-4333,1200,3.82,53.2,3.44,
2026-08-07T10:40,Halden,HR-3,MW300-4333,1200,2.77,53.4,3.66,
2026-08-07T12:30,Halden,HR-1,MW300-4333,1500,3.64,56.1,3.87,
2026-08-07T14:20,Halden,HR-2,MW300-4333,2100,4.68,59.4,4.83,
2026-08-07T16:10,Halden,HR-3,MW300-4333,2100,4.19,55.9,5.07,
2026-08-07T18:00,Halden,HR-1,MW300-4334,1200,3.86,53.8,4.09,
2026-08-07T19:50,Halden,HR-2,MW300-4334,1200,2.73,50.2,3.63,
2026-08-07T21:40,Halden,HR-3,MW300-4334,1800,4.54,55.6,4.04,
2026-08-07T23:30,Halden,HR-1,MW300-4334,900,2.77,51.0,3.54,
2026-08-08T01:20,Halden,HR-2,MW300-4334,1200,2.53,50.2,3.83,
2026-08-08T03:10,Halden,HR-3,MW300-4334,1200,2.4,51.7,3.91,
2026-08-08T05:00,Halden,HR-1,MW300-4334,1500,3.05,53.6,4.07,
2026-08-08T06:50,Halden,HR-2,MW300-4334,1500,3.39,53.4,3.74,
2026-08-08T08:40,Halden,HR-3,MW300-4334,1800,3.16,56.9,4.5,
2026-08-08T10:30,Halden,HR-1,MW300-4334,1500,4.29,55.7,4.12,
2026-08-08T12:20,Halden,HR-2,MW300-4334,1500,2.99,56.0,4.23,guard
2026-08-08T14:10,Halden,HR-3,MW300-4334,900,3.1,50.3,3.3,
2026-08-08T16:00,Halden,HR-1,MW300-4335,1800,3.16,57.6,4.03,
2026-08-08T17:50,Halden,HR-2,MW300-4335,900,2.37,49.2,3.11,
2026-08-08T19:40,Halden,HR-3,MW300-4335,1800,3.85,57.5,4.41,
2026-08-08T21:30,Halden,HR-1,MW300-4335,900,3.13,48.7,3.76,
2026-08-08T23:20,Halden,HR-2,MW300-4335,1500,2.75,55.7,3.9,
2026-08-09T01:10,Halden,HR-3,MW300-4335,1800,3.6,58.7,4.15,
2026-08-09T03:00,Halden,HR-1,MW300-4335,900,3.27,50.3,3.48,
2026-08-09T04:50,Halden,HR-2,MW300-4335,1200,2.95,48.6,3.47,
2026-08-09T06:40,Halden,HR-3,MW300-4335,2100,4.37,56.2,4.56,
2026-08-09T08:30,Halden,HR-1,MW300-4335,2100,4.01,57.1,4.7,
2026-08-09T10:20,Halden,HR-2,MW300-4335,1500,2.88,52.2,4.12,
2026-08-09T12:10,Halden,HR-3,MW300-4335,2100,4.69,60.3,5.02,
2026-08-09T14:00,Halden,HR-1,MW300-4336,1200,2.42,49.4,3.43,
2026-08-09T15:50,Halden,HR-2,MW300-4336,1500,4.1,51.9,4.16,
2026-08-09T17:40,Halden,HR-3,MW300-4336,900,2.42,47.7,3.04,
2026-08-09T19:30,Halden,HR-1,MW300-4336,1800,4.49,55.7,4.13,guard
2026-08-09T21:20,Halden,HR-2,MW300-4336,1500,3.85,54.7,3.96,
2026-08-09T23:10,Halden,HR-3,MW300-4336,1200,3.66,51.8,3.49,
2026-08-10T01:00,Halden,HR-1,MW300-4336,1500,3.51,51.1,4.34,
2026-08-10T02:50,Halden,HR-2,MW300-4336,1500,3.57,51.7,4.45,
2026-08-10T04:40,Halden,HR-3,MW300-4336,900,3.46,49.6,3.57,
2026-08-10T06:30,Halden,HR-1,MW300-4336,1500,4.21,52.1,4.29,
2026-08-10T08:20,Halden,HR-2,MW300-4336,900,2.71,45.5,3.26,
2026-08-10T10:10,Halden,HR-3,MW300-4336,900,2.54,49.1,3.48,
2026-08-10T12:00,Halden,HR-1,MW300-4337,1800,4.17,54.8,4.24,
2026-08-10T13:50,Halden,HR-2,MW300-4337,1500,3.2,55.2,3.79,
2026-08-10T15:40,Halden,HR-3,MW300-4337,2100,4.54,56.4,4.79,
2026-08-10T17:30,Halden,HR-1,MW300-4337,1800,4.25,53.7,4.63,
2026-08-10T19:20,Halden,HR-2,MW300-4337,1500,3.21,55.2,4.09,
2026-08-10T21:10,Halden,HR-3,MW300-4337,900,3.01,46.2,3.38,
2026-08-10T23:00,Halden,HR-1,MW300-4337,1200,3.98,53.1,4.09,
2026-08-11T00:50,Halden,HR-2,MW300-4337,1800,3.9,53.9,4.28,
2026-08-11T02:40,Halden,HR-3,MW300-4337,2100,3.58,55.6,4.92,
2026-08-11T04:30,Halden,HR-1,MW300-4337,1200,3.3,51.6,4.0,
2026-08-11T06:20,Halden,HR-2,MW300-4337,2100,4.52,57.0,5.09,
2026-08-11T08:10,Halden,HR-3,MW300-4337,1500,3.31,52.5,3.94,
2026-08-11T10:00,Halden,HR-1,MW300-4338,2100,4.32,58.4,4.87,
2026-08-11T11:50,Halden,HR-2,MW300-4338,1800,4.58,58.2,4.48,
2026-08-11T13:40,Halden,HR-3,MW300-4338,900,3.6,50.5,3.67,
2026-08-11T15:30,Halden,HR-1,MW300-4338,1200,3.33,50.0,3.83,
2026-08-11T17:20,Halden,HR-2,MW300-4338,1800,4.02,53.2,4.34,
2026-08-11T19:10,Halden,HR-3,MW300-4338,1800,3.64,55.0,4.79,
2026-08-11T21:00,Halden,HR-1,MW300-4338,900,2.79,48.7,3.13,
2026-08-11T22:50,Halden,HR-2,MW300-4338,2100,3.32,60.3,4.91,
2026-08-12T00:40,Halden,HR-3,MW300-4338,900,2.56,50.8,3.66,
2026-08-12T02:30,Halden,HR-1,MW300-4338,900,2.73,51.0,3.23,
2026-08-12T04:20,Halden,HR-2,MW300-4338,2100,4.71,57.5,4.41,
2026-08-12T06:10,Halden,HR-3,MW300-4338,900,3.5,49.9,3.4,
2026-08-12T08:00,Halden,HR-1,MW300-4339,900,3.07,45.8,3.23,
2026-08-12T09:50,Halden,HR-2,MW300-4339,1200,2.94,49.1,4.03,
2026-08-12T11:40,Halden,HR-3,MW300-4339,1500,4.21,55.7,3.94,
2026-08-12T13:30,Halden,HR-1,MW300-4339,1800,4.25,54.8,4.63,
2026-08-12T15:20,Halden,HR-2,MW300-4339,1500,4.25,53.1,3.74,
2026-08-12T17:10,Halden,HR-3,MW300-4339,1200,3.33,49.0,3.58,
2026-08-12T19:00,Halden,HR-1,MW300-4339,1500,3.71,53.7,4.23,
2026-08-12T20:50,Halden,HR-2,MW300-4339,1800,3.31,58.1,4.59,
2026-08-12T22:40,Halden,HR-3,MW300-4339,1800,3.39,57.0,4.36,
2026-08-13T00:30,Halden,HR-1,MW300-4339,1800,3.06,55.8,4.57,
2026-08-13T02:20,Halden,HR-2,MW300-4339,900,2.56,46.6,3.12,
2026-08-13T04:10,Halden,HR-3,MW300-4339,1800,3.6,53.5,4.46,
2026-08-13T06:00,Halden,HR-1,MW300-4340,2100,4.17,55.9,5.1,
2026-08-13T07:50,Halden,HR-2,MW300-4340,1200,3.25,51.3,3.81,
2026-08-13T09:40,Halden,HR-3,MW300-4340,2100,4.25,58.2,4.77,
2026-08-13T11:30,Halden,HR-1,MW300-4340,1500,2.78,51.9,4.24,
2026-08-13T13:20,Halden,HR-2,MW300-4340,900,2.63,47.0,3.2,
2026-08-13T15:10,Halden,HR-3,MW300-4340,900,3.58,47.9,3.19,
2026-08-13T17:00,Halden,HR-1,MW300-4340,2100,4.11,59.4,4.51,
2026-08-13T18:50,Halden,HR-2,MW300-4340,2100,4.49,59.2,5.0,
2026-08-13T20:40,Halden,HR-3,MW300-4340,1500,3.62,52.8,3.96,
2026-08-13T22:30,Halden,HR-1,MW300-4340,1200,3.34,50.0,3.8,
2026-08-14T00:20,Halden,HR-2,MW300-4340,1500,4.01,54.0,4.38,
2026-08-14T02:10,Halden,HR-3,MW300-4340,1200,3.18,53.9,3.94,
2026-08-14T04:00,Halden,HR-1,MW300-4341,2100,4.79,56.2,4.86,
2026-08-14T05:50,Halden,HR-2,MW300-4341,2100,3.37,61.5,4.8,
2026-08-14T07:40,Halden,HR-3,MW300-4341,1500,3.94,53.0,4.13,
2026-08-14T09:30,Halden,HR-1,MW300-4341,1800,3.49,58.5,4.26,
2026-08-14T11:20,Halden,HR-2,MW300-4341,1200,2.83,50.3,4.03,
2026-08-14T13:10,Halden,HR-3,MW300-4341,2100,4.57,60.5,4.93,
2026-08-14T15:00,Halden,HR-1,MW300-4341,900,2.91,49.9,3.14,
2026-08-14T16:50,Halden,HR-2,MW300-4341,1500,2.94,55.9,3.75,
